"real","tag","year","departure_5","ws","winddir","wind_assistance","time_to_hightide","atm_pressure","change_atm24","cloud","rain","min_after_sun","w","day","in_out","hightide"
1,798,"atlas2019",2019-08-23 21:20:00,2.2,225,0.975026274994923,-270,1022.8,0.299999999999955,7,0,147.877325669924,1,"night","incoming",270
1,745,"atlas2019",2019-09-13 18:50:00,2.2,157.5,-0.91325332230021,-150,1032.6,8.99999999999989,7,0,47.1560416499774,1,"night","incoming",150
1,867,"atlas2019",2019-09-13 19:40:00,1.8,157.5,-1.12467511024646,-100,1033.1,9.59999999999991,8,0,97.1560416499774,1,"night","incoming",100
1,831,"atlas2019",2019-09-17 21:20:00,8,135,-7.68456488274316,-110,1021.5,3,7,0,206.865752812227,1,"night","incoming",110
1,830,"atlas2019",2019-09-21 20:50:00,4.5,270,3.26762791999287,-280,1012.9,-11.6,0,0,186.602772025267,1,"night","incoming",280
1,793,"atlas2019",2019-10-01 22:00:00,4.5,225,-4.23288066928379,-80,999.8,-6,8,0.2,280.865926210086,1,"night","incoming",80
1,794,"atlas2019",2019-10-01 20:20:00,6.3,225,3.38575615503353,-180,998.7,-8.39999999999998,8,0.2,180.865926210086,1,"night","incoming",180
1,708,"atlas2019",2019-10-04 19:40:00,4,247.5,-3.64953543064285,-330,1004,-8.60000000000002,8,0,148.069247086843,1,"night","incoming",330
1,851,"atlas2019",2019-10-04 20:30:00,3.6,247.5,-3.59994782785197,-280,1005.1,-7.10000000000002,8,0,198.069247086843,1,"night","incoming",280
1,743,"atlas2019",2019-10-06 21:50:00,5.8,270,-5.66028558659769,-300,1013.1,-4.79999999999995,0,0,282.839472937584,1,"night","incoming",300
1,881,"atlas2019",2019-10-06 23:10:00,5.8,270,-5.76101087370137,-220,1014.1,-3.69999999999993,0,0,362.839472937584,1,"night","incoming",220
1,717,"atlas2019",2019-10-17 20:10:00,4.5,360,-0.964401102376258,-180,1006.3,4,1,0,208.409654045105,1,"night","incoming",180
1,813,"atlas2019",2019-10-20 18:10:00,0,NA,0,330,1008.6,8.5,8,0,95.1217276930809,1,"night","outgoing",330
1,820,"atlas2019",2019-10-20 13:30:00,1.3,360,-0.822597344289399,50,1007.5,7.79999999999995,8,0,-184.878272306919,1,"day","outgoing",50
1,859,"atlas2019",2019-10-20 16:20:00,0.4,360,-0.127514903725049,220,1008,8.39999999999998,8,0,-14.8782723069191,1,"day","outgoing",220
1,877,"atlas2019",2019-10-20 17:20:00,0,NA,0,280,1008.5,8.60000000000002,6,0,45.1217276930809,1,"night","outgoing",280
1,920,"atlas2019",2019-10-23 15:30:00,4,270,3.85427406948217,-40,1012.7,-8.19999999999993,8,0,-58.3108686765035,1,"day","incoming",40
1,833,"atlas2019",2019-10-23 17:10:00,3.6,247.5,3.57613510593341,60,1011.2,-9.59999999999991,1,0,41.6891313234965,1,"night","outgoing",60
1,888,"atlas2019",2019-10-23 16:30:00,3.6,247.5,3.16956788991353,20,1011.2,-9.59999999999991,1,0,1.6891313234965,1,"night","outgoing",20
1,889,"atlas2019",2019-10-23 17:30:00,3.1,247.5,-3.05006188542396,80,1010.3,-10.9000000000001,8,0,61.6891313234965,1,"night","outgoing",80
1,915,"atlas2019",2019-10-28 17:30:00,2.7,180,-0.078660160281266,-250,1021.2,3.10000000000002,8,0.2,72.2617684960365,1,"night","incoming",250
1,860,"atlas2019",2019-10-29 18:50:00,2.2,247.5,-1.11974671784802,-200,1027.2,5.80000000000007,0,0,154.313665779432,1,"night","incoming",200
1,890,"atlas2019",2019-10-29 17:00:00,4.5,247.5,-3.53363173531127,-310,1026,5.10000000000002,0,0,44.3136657794317,1,"night","incoming",310
1,879,"atlas2019",2019-11-14 16:20:00,5.4,270,5.39091940527839,390,1001.1,5.20000000000005,8,0,33.4800450444221,1,"night","outgoing",390
1,903,"atlas2019",2019-11-14 20:20:00,3.6,270,-3.59968430109325,-110,1003.8,6.59999999999991,8,0,273.480045044422,1,"night","incoming",110
1,981,"atlas2020",2020-11-06 20:10:00,2.7,315,2.51190851321431,-250,1027.4,-7.09999999999991,7,0,251.227258268992,1,"night","incoming",250
1,2037,"atlas2020",2020-11-06 16:00:00,0.4,22.5,-0.243246827530914,230,1029.6,-4.90000000000009,8,0,1.22725826899211,1,"night","outgoing",230
1,2039,"atlas2020",2020-10-02 20:30:00,5.8,270,-5.79999992799072,-70,992.9,-2.80000000000007,8,0,195.093395256996,1,"night","incoming",70
1,2066,"atlas2020",2020-11-09 21:40:00,2.7,292.5,2.68632967789254,-340,1021.9,1.39999999999998,8,0,346.517417947451,1,"night","incoming",340
1,2077,"atlas2020",2020-11-04 17:10:00,4.5,90,-4.20450449664465,370,1030.6,18.1999999999999,0,0,67.5479864756266,1,"night","outgoing",370
1,2081,"atlas2020",2020-11-07 20:20:00,1.8,337.5,-1.79996164251602,-280,1021.2,-6.20000000000005,0,0,263.022067654133,1,"night","incoming",280
1,2089,"atlas2020",2020-10-14 03:00:00,2.7,247.5,2.66112371667902,-220,1017.5,6.70000000000005,8,0,-826.689083031813,1,"day","incoming",220
1,2090,"atlas2020",2020-11-04 17:20:00,4.5,90,-3.48971793123461,380,1030.6,18.1999999999999,0,0,77.5479864756266,1,"night","outgoing",380
1,2111,"atlas2020",2020-10-13 17:20:00,4.5,292.5,-4.37276682886897,-55,1012.3,-2.70000000000005,8,0,31.0151300787926,1,"night","incoming",55
1,2141,"atlas2020",2020-11-06 19:10:00,2.2,315,-0.848415995514221,-310,1028.1,-6.5,6,0,191.227258268992,1,"night","incoming",310
1,2144,"atlas2020",2020-10-25 17:30:00,5.8,360,-5.76716362812195,90,997.1,-5.60000000000002,2,0,67.5853737592697,1,"night","outgoing",90
1,2174,"atlas2020",2020-10-16 15:30:00,0.9,270,0.824681636383358,-335,1021.3,0.399999999999977,5,0,-72.1361513733864,1,"day","incoming",335
1,2187,"atlas2020",2020-11-07 19:40:00,1.8,337.5,-1.79842989408363,-320,1021.2,-6.20000000000005,0,0,223.022067654133,1,"night","incoming",320
1,2233,"atlas2020",2020-11-06 19:20:00,2.2,315,-1.51700933130789,-300,1028.1,-6.5,6,0,201.227258268992,1,"night","incoming",300
1,2247,"atlas2020",2020-11-29 16:20:00,1.3,315,-0.694191096690289,-270,1025.3,4.5,3,0,52.8979189236959,1,"night","incoming",270
1,2255,"atlas2020",2020-11-04 17:40:00,3.6,90,-3.4401427110497,-330,1031.4,17.1000000000001,7,0,97.5479864756266,1,"night","incoming",330
1,2282,"atlas2020",2020-11-07 19:50:00,1.8,337.5,-1.31605909741647,-310,1021.2,-6.20000000000005,0,0,233.022067654133,1,"night","incoming",310
0,798,"atlas2019",2019-08-20 22:00:00,4.5,90,-4.39502515799659,-140,1022.7,9.20000000000005,0,0,181.251406721274,1000,"night","incoming",140
0,798,"atlas2019",2019-08-23 08:00:00,3.1,45,-1.81829435604721,-350,1023.2,0.700000000000045,8,0,-652.122674330076,1000,"day","incoming",350
0,798,"atlas2019",2019-08-20 07:00:00,2.7,45,-1.5584877425905,-300,1016.2,8.60000000000002,0,0,-718.748593278726,1000,"day","incoming",300
0,798,"atlas2019",2019-08-23 13:00:00,2.7,45,-1.5584877425905,-50,1023.8,1.39999999999998,4,0,-352.122674330076,1000,"day","incoming",50
0,798,"atlas2019",2019-08-22 08:00:00,3.1,337.5,1.61005719406441,-300,1022.5,-2.5,8,0,-654.347167289257,1000,"day","incoming",300
0,798,"atlas2019",2019-08-23 19:00:00,0.4,135,-0.346051925532547,310,1022.8,0.799999999999955,8,0,7.87732566992442,1000,"night","outgoing",310
0,798,"atlas2019",2019-08-20 08:00:00,2.7,45,-1.5584877425905,-240,1016.6,8.5,1,0,-658.748593278726,1000,"day","incoming",240
0,798,"atlas2019",2019-08-21 18:00:00,4.5,45,-2.77843771635597,340,1024.8,4.29999999999995,0,0,-56.5560251792272,1000,"day","outgoing",340
0,798,"atlas2019",2019-08-22 21:00:00,4.9,45,-3.06625698638087,-250,1022.5,-2.20000000000005,8,0,125.652832710743,1000,"night","incoming",250
0,798,"atlas2019",2019-08-21 15:00:00,3.6,45,-2.15239632054077,160,1025.2,5.80000000000007,8,0,-236.556025179227,1000,"day","outgoing",160
0,798,"atlas2019",2019-08-22 17:00:00,5.8,45,-3.73383913661734,240,1022.4,-2.50000000000011,4,0,-114.347167289257,1000,"day","outgoing",240
0,798,"atlas2019",2019-08-20 03:00:00,4.9,45,-3.06625698638087,200,1014.9,9,2,0,-958.748593278726,1000,"day","outgoing",200
0,798,"atlas2019",2019-08-23 04:00:00,3.1,22.5,-0.77452829967888,170,1022.7,-0.699999999999932,8,0,-892.122674330076,1000,"day","outgoing",170
0,798,"atlas2019",2019-08-23 12:00:00,2.7,45,-1.5584877425905,-110,1024,1.60000000000002,8,0,-412.122674330076,1000,"day","incoming",110
0,798,"atlas2019",2019-08-20 04:00:00,5.8,67.5,-4.99067478560864,260,1015,9,0,0,-898.748593278726,1000,"day","outgoing",260
0,745,"atlas2019",2019-09-12 13:00:00,4.9,67.5,-4.89932541989238,300,1023.7,9,4,0,-305.263567256928,1000,"day","outgoing",300
0,745,"atlas2019",2019-09-12 03:00:00,1.8,67.5,-1.79944732601714,-300,1020,3.20000000000005,8,0,-905.263567256927,1000,"day","incoming",300
0,745,"atlas2019",2019-09-13 18:00:00,2.2,180,-0.183574552846252,-200,1032.4,8.70000000000005,8,0,-2.84395835002263,1000,"day","incoming",200
0,745,"atlas2019",2019-09-13 05:00:00,6.7,112.5,-6.35118165083715,-250,1024.4,3.70000000000005,7,0,-782.843958350023,1000,"day","incoming",250
0,745,"atlas2019",2019-09-10 18:00:00,4,90,-3.8982166236604,-50,1016.4,4.39999999999998,7,0,-10.0900479714076,1000,"day","incoming",50
0,745,"atlas2019",2019-09-09 21:00:00,2.2,90,-2.10956482657295,200,1012.9,-3.39999999999998,3,0,167.504051411152,1000,"night","outgoing",200
0,745,"atlas2019",2019-09-11 01:00:00,4,45,-3.92855486231987,370,1016.7,3.20000000000005,7,0,-1027.67909170389,1000,"day","outgoing",370
0,745,"atlas2019",2019-09-11 09:00:00,5.4,22.5,-5.09304197552724,90,1015,0.5,8,0,-547.679091703892,1000,"day","outgoing",90
0,745,"atlas2019",2019-09-10 07:00:00,4,67.5,-3.99932626715033,30,1013.7,0.200000000000045,8,0,-670.090047971408,1000,"day","outgoing",30
0,745,"atlas2019",2019-09-11 21:00:00,5.4,67.5,-5.39932990931097,40,1017.1,0.100000000000023,0,3.2,172.320908296108,1000,"night","outgoing",40
0,745,"atlas2019",2019-09-13 00:00:00,6.7,45,-6.63148435348351,190,1022.9,4.19999999999993,8,0,-1082.84395835002,1000,"day","outgoing",190
0,745,"atlas2019",2019-09-12 06:00:00,4,67.5,-3.99932626715033,-120,1021,5.5,8,0,-725.263567256927,1000,"day","incoming",120
0,745,"atlas2019",2019-09-12 14:00:00,4.9,67.5,-4.89932541989238,360,1024,9.29999999999995,1,0.2,-245.263567256928,1000,"day","outgoing",360
0,745,"atlas2019",2019-09-12 01:00:00,2.2,90,-2.10956482657295,280,1019.4,2.69999999999993,7,0,-1025.26356725693,1000,"day","outgoing",280
0,745,"atlas2019",2019-09-12 10:00:00,4,67.5,-3.99932626715033,120,1023,8,8,0,-485.263567256928,1000,"day","outgoing",120
0,867,"atlas2019",2019-09-12 09:00:00,3.6,67.5,-3.57478851999205,60,1022.3,7.29999999999995,8,0,-545.263567256927,1000,"day","outgoing",60
0,867,"atlas2019",2019-09-11 20:00:00,6.3,67.5,-6.28104407358039,-20,1016.1,-0.699999999999932,2,0,112.320908296108,1000,"night","incoming",20
0,867,"atlas2019",2019-09-11 04:00:00,3.6,45,-3.59999150636132,-210,1016.5,3.20000000000005,7,0,-847.679091703892,1000,"day","incoming",210
0,867,"atlas2019",2019-09-12 19:00:00,7.2,45,-7.19999405871676,-110,1023.6,8,8,0,54.7364327430725,1000,"night","incoming",110
0,867,"atlas2019",2019-09-12 06:00:00,4,67.5,-3.97588353904002,-120,1021,5.5,8,0,-725.263567256927,1000,"day","incoming",120
0,867,"atlas2019",2019-09-13 03:00:00,6.7,90,-6.63149699120543,370,1023.3,3.29999999999995,8,0,-902.843958350023,1000,"day","outgoing",370
0,867,"atlas2019",2019-09-12 01:00:00,2.2,90,-2.08425037885857,280,1019.4,2.69999999999993,7,0,-1025.26356725693,1000,"day","outgoing",280
0,867,"atlas2019",2019-09-10 04:00:00,2.2,45,-2.19999029468847,-150,1013.3,-1,7,0,-850.090047971408,1000,"day","incoming",150
0,867,"atlas2019",2019-09-10 07:00:00,4,67.5,-3.97588353904002,30,1013.7,0.200000000000045,8,0,-670.090047971408,1000,"day","outgoing",30
0,867,"atlas2019",2019-09-13 17:00:00,2.7,180,-2.17993597955493,-260,1032,8.39999999999998,8,0,-62.8439583500226,1000,"day","incoming",260
0,867,"atlas2019",2019-09-10 16:00:00,4,90,-3.9068200746211,-170,1015.5,3.5,1,0,-130.090047971408,1000,"day","incoming",170
0,867,"atlas2019",2019-09-13 00:00:00,6.7,45,-6.69999378602513,190,1022.9,4.19999999999993,8,0,-1082.84395835002,1000,"day","outgoing",190
0,867,"atlas2019",2019-09-12 10:00:00,4,67.5,-3.97588353904002,120,1023,8,8,0,-485.263567256928,1000,"day","outgoing",120
0,867,"atlas2019",2019-09-10 17:00:00,4.5,90,-4.41240043449626,-110,1016,4.10000000000002,2,0,-70.0900479714076,1000,"day","incoming",110
0,867,"atlas2019",2019-09-11 12:00:00,7.6,22.5,-7.58197303612504,270,1015.4,0.199999999999932,8,0.2,-367.679091703892,1000,"day","outgoing",270
0,831,"atlas2019",2019-09-17 08:00:00,8,90,-7.95489434101019,-200,1017,-1.10000000000002,8,0,-593.134247187773,1000,"day","incoming",200
0,831,"atlas2019",2019-09-14 02:00:00,0.9,180,0.0792207944043624,280,1033.9,10.9000000000001,5,0,-960.420745396614,1000,"day","outgoing",280
0,831,"atlas2019",2019-09-15 06:00:00,5.8,45,-5.75808277448609,-260,1019.6,-13.6999999999999,8,0,-717.99440600872,1000,"day","incoming",260
0,831,"atlas2019",2019-09-16 13:00:00,1.8,157.5,-0.950200303451245,150,1018.9,-0.300000000000068,8,0,-295.565415461858,1000,"day","outgoing",150
0,831,"atlas2019",2019-09-16 14:00:00,2.2,135,-1.70839684350314,210,1018.5,-0.899999999999977,8,0.2,-235.565415461858,1000,"day","outgoing",210
0,831,"atlas2019",2019-09-16 19:00:00,4.9,112.5,-4.69884284251306,-230,1018.3,-1.5,2,0,64.4345845381419,1000,"night","incoming",230
0,831,"atlas2019",2019-09-15 07:00:00,5.8,67.5,-5.79986105603172,-200,1019.1,-13.9,8,0,-657.99440600872,1000,"day","incoming",200
0,831,"atlas2019",2019-09-16 23:00:00,4.9,112.5,-4.69884284251306,10,1018.4,-1.60000000000002,6,0,304.434584538142,1000,"night","outgoing",10
0,831,"atlas2019",2019-09-16 09:00:00,3.1,90,-3.04044465642521,-90,1018.5,-0.399999999999977,8,0,-535.565415461858,1000,"day","incoming",90
0,831,"atlas2019",2019-09-17 13:00:00,7.6,112.5,-7.43474644563823,100,1018.5,-0.399999999999977,6,0,-293.134247187773,1000,"day","outgoing",100
0,831,"atlas2019",2019-09-17 03:00:00,5.8,112.5,-5.61155101010879,250,1018,-1.5,6,0,-893.134247187773,1000,"day","outgoing",250
0,831,"atlas2019",2019-09-16 03:00:00,1.8,112.5,-1.58318303142813,290,1019.5,-2.29999999999995,8,0,-895.565415461858,1000,"day","outgoing",290
0,831,"atlas2019",2019-09-15 11:00:00,6.7,90,-6.65100261245572,40,1019.2,-13.5999999999999,8,0,-417.99440600872,1000,"day","outgoing",40
0,831,"atlas2019",2019-09-17 14:00:00,8.5,135,-8.1973337300958,160,1018.8,0.299999999999955,7,0,-233.134247187773,1000,"day","outgoing",160
0,831,"atlas2019",2019-09-15 17:00:00,5.4,135,-5.00207590095003,-310,1019.7,-9.09999999999991,8,0,-57.9944060087204,1000,"day","incoming",310
0,830,"atlas2019",2019-09-19 23:00:00,0,NA,0,-70,1029.4,2.30000000000018,8,0,311.73273512125,1000,"night","incoming",70
0,830,"atlas2019",2019-09-21 12:00:00,4.5,292.5,4.47691381462915,-80,1018.6,-9.30000000000007,0,0,-343.397227974733,1000,"day","incoming",80
0,830,"atlas2019",2019-09-18 00:00:00,6.7,157.5,-6.05360302142352,50,1022.7,4.20000000000005,7,0,-1070.70137326717,1000,"day","outgoing",50
0,830,"atlas2019",2019-09-19 08:00:00,1.8,202.5,-0.409725238712554,-240,1028,4,8,0,-588.26726487875,1000,"day","incoming",240
0,830,"atlas2019",2019-09-21 02:00:00,3.1,292.5,3.08974728473857,80,1022.6,-6.39999999999998,4,0,-943.397227974733,1000,"day","outgoing",80
0,830,"atlas2019",2019-09-20 11:00:00,2.7,45,-1.43966864817813,-80,1028.2,-1.29999999999995,8,0,-405.83239282767,1000,"day","incoming",80
0,830,"atlas2019",2019-09-18 13:00:00,5.4,157.5,-4.78753725664573,90,1025.4,6.90000000000009,7,0,-290.701373267174,1000,"day","outgoing",90
0,830,"atlas2019",2019-09-21 09:00:00,4,292.5,3.98265236889377,-260,1020.1,-7.60000000000002,0,0,-523.397227974733,1000,"day","incoming",260
0,830,"atlas2019",2019-09-18 01:00:00,6.3,157.5,-5.66190963290033,110,1022.9,4.69999999999993,8,0,-1010.70137326717,1000,"day","outgoing",110
0,830,"atlas2019",2019-09-18 17:00:00,5.4,157.5,-4.78753725664573,330,1026,6.20000000000005,7,0,-50.7013732671738,1000,"day","outgoing",330
0,830,"atlas2019",2019-09-20 05:00:00,1.8,45,-0.851138963641577,290,1028,0.5,8,0,-765.83239282767,1000,"day","outgoing",290
0,830,"atlas2019",2019-09-21 10:00:00,4.5,292.5,4.47691381462915,-200,1019.6,-8.49999999999989,0,0,-463.397227974733,1000,"day","incoming",200
0,830,"atlas2019",2019-09-21 05:00:00,3.6,292.5,3.58622143332186,260,1021.1,-6.89999999999998,0,0,-763.397227974733,1000,"day","outgoing",260
0,830,"atlas2019",2019-09-18 19:00:00,5.4,157.5,-4.78753725664573,-280,1025.9,5.50000000000011,8,0,69.2986267328262,1000,"night","incoming",280
0,830,"atlas2019",2019-09-20 10:00:00,3.1,45,-1.72889252905553,-140,1028.1,-1.30000000000018,8,0,-465.83239282767,1000,"day","incoming",140
0,793,"atlas2019",2019-09-30 12:00:00,9.4,112.5,-9.30319144774043,120,1005.6,11.9,5,0.4,-321.545912992954,1000,"day","outgoing",120
0,793,"atlas2019",2019-09-28 16:00:00,11.2,67.5,-11.1999979725009,-310,1002.6,0.300000000000068,8,0.2,-86.3826657613119,1000,"day","incoming",310
0,793,"atlas2019",2019-09-30 22:00:00,4.9,45,-4.86225592070687,-30,1005.8,17.3,8,0,278.454087007046,1000,"night","incoming",30
0,793,"atlas2019",2019-09-29 10:00:00,8.5,22.5,-8.3947635545366,20,995.5,-7.89999999999998,8,0.2,-443.962276113033,1000,"day","outgoing",20
0,793,"atlas2019",2019-09-30 04:00:00,10.3,135,-10.1253893490754,350,996.6,-5.60000000000002,7,0.4,-801.545912992954,1000,"day","outgoing",350
0,793,"atlas2019",2019-09-29 01:00:00,5.8,45,-5.76485441103894,230,1004,2.79999999999995,8,0,-983.962276113033,1000,"day","outgoing",230
0,793,"atlas2019",2019-09-27 22:00:00,9.4,45,-9.37302533996985,80,1001,-1.29999999999995,7,12.2,271.193410766125,1000,"night","outgoing",80
0,793,"atlas2019",2019-09-29 20:00:00,5.8,67.5,-5.79999707149916,-130,988.8,-14.7,8,7.4,156.037723886967,1000,"night","incoming",130
0,793,"atlas2019",2019-09-28 00:00:00,7.2,22.5,-7.08323193718352,200,1001.1,-1.69999999999993,7,0,-1046.38266576131,1000,"day","outgoing",200
0,793,"atlas2019",2019-09-29 05:00:00,4.9,45,-4.86225592070687,-280,1001.3,-1.40000000000009,8,0.6,-743.962276113033,1000,"day","incoming",280
0,793,"atlas2019",2019-09-29 00:00:00,7.2,67.5,-7.19999736113297,170,1004.2,3.10000000000002,8,0,-1043.96227611303,1000,"day","outgoing",170
0,793,"atlas2019",2019-09-28 07:00:00,6.7,45,-6.66723655614475,-90,1003,0.399999999999977,7,0,-626.382665761312,1000,"day","incoming",90
0,793,"atlas2019",2019-09-30 06:00:00,9.4,135,-9.21236615073077,-240,999.3,-0.900000000000091,4,0.4,-681.545912992954,1000,"day","incoming",240
0,793,"atlas2019",2019-09-30 17:00:00,8,90,-7.97130525023982,-330,1007.3,17.6999999999999,8,0,-21.5459129929543,1000,"day","incoming",330
0,793,"atlas2019",2019-09-30 01:00:00,9.8,112.5,-9.70592878199764,170,990.1,-13.9,8,0.2,-981.545912992954,1000,"day","outgoing",170
0,794,"atlas2019",2019-09-29 06:00:00,5.4,22.5,-4.97407210018134,-220,1000.2,-2.69999999999993,8,2,-683.962276113033,1000,"day","incoming",220
0,794,"atlas2019",2019-09-29 23:00:00,6.7,90,-6.44208179339268,50,988.8,-15.5,8,0,336.037723886967,1000,"night","outgoing",50
0,794,"atlas2019",2019-09-30 22:00:00,4.9,45,-4.8294690793564,-30,1005.8,17.3,8,0,278.454087007046,1000,"night","incoming",30
0,794,"atlas2019",2019-09-29 19:00:00,7.6,67.5,-7.5859662116025,-190,989,-14.4,8,1.6,96.0377238869667,1000,"night","incoming",190
0,794,"atlas2019",2019-09-28 19:00:00,9.8,67.5,-9.78611026541715,-130,1003.4,2,8,0.8,93.6173342386881,1000,"night","incoming",130
0,794,"atlas2019",2019-09-28 10:00:00,7.6,45,-7.52534393286295,90,1003.4,0.399999999999977,7,0,-446.382665761312,1000,"day","outgoing",90
0,794,"atlas2019",2019-10-01 18:00:00,7.2,225,1.54703699228042,-320,997.9,-9.30000000000007,8,0,40.8659262100856,1000,"night","incoming",320
0,794,"atlas2019",2019-09-28 04:00:00,7.6,67.5,-7.5859662116025,-270,1002.2,-0.599999999999909,1,0,-806.382665761312,1000,"day","incoming",270
0,794,"atlas2019",2019-09-30 21:00:00,4.5,45,-4.43099947808374,-90,1006.6,18,8,0,218.454087007046,1000,"night","incoming",90
0,794,"atlas2019",2019-09-28 16:00:00,11.2,67.5,-11.186361942747,-310,1002.6,0.300000000000068,8,0.2,-86.3826657613119,1000,"day","incoming",310
0,794,"atlas2019",2019-10-01 17:00:00,7.2,225,1.54703699228042,360,997.6,-9.69999999999993,8,0,-19.1340737899144,1000,"day","outgoing",360
0,794,"atlas2019",2019-09-30 23:00:00,4.5,45,-4.43099947808374,30,1005.8,17,8,0.2,338.454087007046,1000,"night","outgoing",30
0,794,"atlas2019",2019-09-28 12:00:00,8.5,45,-8.42541808499843,210,1003.6,0.600000000000023,7,0,-326.382665761312,1000,"day","outgoing",210
0,794,"atlas2019",2019-09-30 14:00:00,8.9,90,-8.6420872156667,240,1006.7,14.9000000000001,2,0,-201.545912992954,1000,"day","outgoing",240
0,794,"atlas2019",2019-10-01 11:00:00,8,67.5,-7.98595886206154,0,994.8,-10.2,8,0,-379.134073789914,1000,"day","incoming",0
0,708,"atlas2019",2019-10-02 14:00:00,7.6,112.5,-7.59694167991795,120,1008.8,12.4,8,1.8,-196.727261014779,1000,"day","outgoing",120
0,708,"atlas2019",2019-10-03 23:00:00,2.2,45,-1.9598440851205,-90,1011,-2,8,0,345.674017282327,1000,"night","incoming",90
0,708,"atlas2019",2019-10-04 01:00:00,4.9,22.5,-4.61220796527988,30,1009.9,-3.80000000000007,8,0,-971.930752913157,1000,"day","outgoing",30
0,708,"atlas2019",2019-10-01 06:00:00,4.9,315,-4.70482282251176,-300,995.7,-3.59999999999991,8,1.2,-679.134073789914,1000,"day","incoming",300
0,708,"atlas2019",2019-10-03 18:00:00,4.5,90,-4.48802609700523,340,1013,2.89999999999998,8,0,45.674017282327,1000,"night","outgoing",340
0,708,"atlas2019",2019-10-03 01:00:00,8,112.5,-7.99703662654349,80,1013.7,12.3000000000001,1,0,-974.325982717673,1000,"day","outgoing",80
0,708,"atlas2019",2019-10-04 15:00:00,6.3,270,-6.26688107608698,130,1000.1,-13.1999999999999,8,0,-131.930752913157,1000,"day","outgoing",130
0,708,"atlas2019",2019-10-01 13:00:00,4.9,225,-4.53625094919427,120,996.1,-10.1999999999999,8,0,-259.134073789914,1000,"day","outgoing",120
0,708,"atlas2019",2019-10-02 16:00:00,8.5,112.5,-8.49714801651924,240,1009,12,5,0.2,-76.7272610147794,1000,"day","outgoing",240
0,708,"atlas2019",2019-10-01 08:00:00,4,67.5,-3.91939761406213,-180,994,-7.70000000000005,8,0,-559.134073789914,1000,"day","incoming",180
0,708,"atlas2019",2019-10-04 16:00:00,5.8,270,-5.76145791871637,190,1000.2,-13.0999999999999,8,0,-71.9307529131571,1000,"day","outgoing",190
0,708,"atlas2019",2019-10-02 15:00:00,7.6,112.5,-7.59694167991795,180,1008.6,12.3000000000001,7,0.2,-136.727261014779,1000,"day","outgoing",180
0,708,"atlas2019",2019-10-01 23:00:00,4.9,202.5,-4.54907896069976,-20,1000.4,-5.39999999999998,6,0,340.865926210086,1000,"night","incoming",20
0,708,"atlas2019",2019-10-02 13:00:00,7.6,112.5,-7.59694167991795,60,1008.1,12,8,0,-256.727261014779,1000,"day","outgoing",60
0,708,"atlas2019",2019-10-04 04:00:00,5.4,360,-5.06832394824066,210,1006.7,-6.89999999999998,8,0,-791.930752913157,1000,"day","outgoing",210
0,851,"atlas2019",2019-09-30 23:00:00,4.5,45,-4.4998269395484,30,1005.8,17,8,0.2,338.454087007046,1000,"night","outgoing",30
0,851,"atlas2019",2019-10-04 05:00:00,6.3,360,-6.2997048411689,270,1006.1,-7.5,8,0,-731.930752913157,1000,"day","outgoing",270
0,851,"atlas2019",2019-10-02 17:00:00,8.9,112.5,-8.89995759534309,300,1008.9,11.3,7,0.2,-16.7272610147794,1000,"day","outgoing",300
0,851,"atlas2019",2019-10-01 18:00:00,7.2,225,-7.19988815152578,-320,997.9,-9.30000000000007,8,0,40.8659262100856,1000,"night","incoming",320
0,851,"atlas2019",2019-10-04 08:00:00,7.6,292.5,-7.59994900052697,-290,1003.2,-10.5,8,0,-551.930752913157,1000,"day","incoming",290
0,851,"atlas2019",2019-10-01 10:00:00,6.7,67.5,-6.69997333027447,-60,994.3,-9.5,8,0.2,-439.134073789914,1000,"day","incoming",60
0,851,"atlas2019",2019-10-04 04:00:00,5.4,360,-5.39965574122249,210,1006.7,-6.89999999999998,8,0,-791.930752913157,1000,"day","outgoing",210
0,851,"atlas2019",2019-09-30 20:00:00,4.9,67.5,-4.89996376290029,-150,1007.1,18.3000000000001,8,0,158.454087007046,1000,"night","incoming",150
0,851,"atlas2019",2019-10-02 01:00:00,5.8,180,-5.79967841379396,100,1001.4,-2.20000000000005,4,0,-976.727261014779,1000,"day","outgoing",100
0,851,"atlas2019",2019-09-30 21:00:00,4.5,45,-4.4998269395484,-90,1006.6,18,8,0,218.454087007046,1000,"night","incoming",90
0,851,"atlas2019",2019-10-01 03:00:00,0.9,247.5,-0.899769208188039,270,1000.7,6,8,1.4,-859.134073789914,1000,"day","outgoing",270
0,851,"atlas2019",2019-10-02 21:00:00,8,135,-7.99986656636224,-160,1011.5,11.8,8,0,223.272738985221,1000,"night","incoming",160
0,851,"atlas2019",2019-10-02 14:00:00,7.6,112.5,-7.59995044548591,120,1008.8,12.4,8,1.8,-196.727261014779,1000,"day","outgoing",120
0,851,"atlas2019",2019-10-02 19:00:00,8.5,135,-8.4998743417347,-280,1010.3,11.9,4,0.2,103.272738985221,1000,"night","incoming",280
0,851,"atlas2019",2019-10-02 07:00:00,5.8,157.5,-5.79971032056329,-300,1004.3,9.79999999999995,6,0,-616.727261014779,1000,"day","incoming",300
0,743,"atlas2019",2019-10-03 01:00:00,8,112.5,-7.96757053119378,80,1013.7,12.3000000000001,1,0,-974.325982717673,1000,"day","outgoing",80
0,743,"atlas2019",2019-10-06 20:00:00,5.8,270,-5.66028558659769,330,1011.1,-6.29999999999995,1,0,172.839472937584,1000,"night","outgoing",330
0,743,"atlas2019",2019-10-06 07:00:00,6.7,292.5,-6.31810051038995,330,1013.8,1.69999999999993,8,0,-607.160527062416,1000,"day","outgoing",330
0,743,"atlas2019",2019-10-05 12:00:00,4,292.5,-1.07658730700309,-90,1015.7,14.8000000000001,8,0,-309.542091973623,1000,"day","incoming",90
0,743,"atlas2019",2019-10-05 03:00:00,1.3,270,1.28064317367825,110,1009.2,1.40000000000009,8,0,-849.542091973623,1000,"day","outgoing",110
0,743,"atlas2019",2019-10-03 04:00:00,6.7,135,-6.50545974086579,260,1013.6,10.6,6,0.2,-794.325982717673,1000,"day","outgoing",260
0,743,"atlas2019",2019-10-03 05:00:00,5.4,135,-5.19399149910286,320,1013.6,10,6,2.4,-734.325982717673,1000,"day","outgoing",320
0,743,"atlas2019",2019-10-02 22:00:00,8,135,-7.81754429596958,-100,1012,12.2,8,0,283.272738985221,1000,"night","incoming",100
0,743,"atlas2019",2019-10-04 12:00:00,8,292.5,-7.7682138287034,-50,1000.9,-13.4,8,0.2,-311.930752913157,1000,"day","incoming",50
0,743,"atlas2019",2019-10-03 22:00:00,1.3,90,-1.29521675416453,-150,1011.6,-0.399999999999977,8,0,285.674017282327,1000,"night","incoming",150
0,743,"atlas2019",2019-10-06 12:00:00,7.6,292.5,-7.33472238176886,-150,1011.4,-4.30000000000007,8,0,-307.160527062416,1000,"day","incoming",150
0,743,"atlas2019",2019-10-04 01:00:00,4.9,22.5,-4.16102370589509,30,1009.9,-3.80000000000007,8,0,-971.930752913157,1000,"day","outgoing",30
0,743,"atlas2019",2019-10-03 20:00:00,2.7,90,-2.69385721839539,-270,1012.6,1.60000000000002,8,0,165.674017282327,1000,"night","incoming",270
0,743,"atlas2019",2019-10-04 03:00:00,5.8,360,-4.71994681029513,150,1007.8,-5.70000000000005,8,0,-851.930752913157,1000,"day","outgoing",150
0,743,"atlas2019",2019-10-05 06:00:00,0.9,270,0.889954527495949,290,1011.6,6.5,3,0,-669.542091973623,1000,"day","outgoing",290
0,881,"atlas2019",2019-10-02 23:00:00,8,112.5,-7.95405330083659,-40,1013,12.6,5,0,343.272738985221,1000,"night","incoming",40
0,881,"atlas2019",2019-10-06 08:00:00,7.2,292.5,-7.11705173647602,390,1013.2,0.100000000000023,8,0,-547.160527062416,1000,"day","outgoing",390
0,881,"atlas2019",2019-10-04 18:00:00,4.9,247.5,-4.89988051328753,310,1001.9,-11.1,8,0.2,48.0692470868429,1000,"night","outgoing",310
0,881,"atlas2019",2019-10-04 20:00:00,4,247.5,-3.99982549964577,-310,1004,-8.60000000000002,8,0,168.069247086843,1000,"night","incoming",310
0,881,"atlas2019",2019-10-03 21:00:00,1.8,67.5,-1.79994315868538,-210,1012.2,0.700000000000045,8,0,225.674017282327,1000,"night","incoming",210
0,881,"atlas2019",2019-10-06 05:00:00,6.7,292.5,-6.60914869548166,210,1015,4.10000000000002,8,0,-727.160527062416,1000,"day","outgoing",210
0,881,"atlas2019",2019-10-03 07:00:00,3.6,135,-3.44454201911071,-320,1013.7,9.40000000000009,6,0.6,-614.325982717673,1000,"day","incoming",320
0,881,"atlas2019",2019-10-04 16:00:00,5.8,270,-5.76101087370137,190,1000.2,-13.0999999999999,8,0,-71.9307529131571,1000,"day","outgoing",190
0,881,"atlas2019",2019-10-05 17:00:00,4,292.5,-3.81793040343674,210,1016.5,15.5,8,0,-9.54209197362264,1000,"day","outgoing",210
0,881,"atlas2019",2019-10-04 13:00:00,8,292.5,-7.92723374779899,10,1000.3,-13.6,8,0,-251.930752913157,1000,"day","outgoing",10
0,881,"atlas2019",2019-10-05 08:00:00,1.8,270,-1.32199810445721,-330,1013.1,9.89999999999998,8,0,-549.542091973623,1000,"day","incoming",330
0,881,"atlas2019",2019-10-06 02:00:00,5.4,270,-5.35650277854103,30,1016.6,7.20000000000005,8,0,-907.160527062416,1000,"day","outgoing",30
0,881,"atlas2019",2019-10-05 19:00:00,3.6,292.5,-3.38802852374671,330,1017,14,8,0,110.457908026377,1000,"night","outgoing",330
0,881,"atlas2019",2019-10-05 00:00:00,1.8,247.5,-1.79743706116012,-70,1007.6,-2.69999999999993,1,0,-1029.54209197362,1000,"day","incoming",70
0,881,"atlas2019",2019-10-05 10:00:00,3.1,292.5,-2.83556271352401,-210,1014.6,13.3000000000001,6,0,-429.542091973623,1000,"day","incoming",210
0,717,"atlas2019",2019-10-17 16:00:00,4.9,337.5,0.727150781720016,290,1006.9,3.39999999999998,8,0,-41.590345954895,1000,"day","outgoing",290
0,717,"atlas2019",2019-10-14 21:00:00,5.8,270,5.78469940969496,-50,1004.7,2.30000000000007,8,0,251.570735474428,1000,"night","incoming",50
0,717,"atlas2019",2019-10-14 02:00:00,8.5,67.5,-8.13560355473781,280,1007.8,-0.200000000000045,8,0,-888.429264525572,1000,"day","outgoing",280
0,717,"atlas2019",2019-10-14 07:00:00,3.1,67.5,-2.88650040622324,-150,1010.2,4.40000000000009,8,0,-588.429264525572,1000,"day","incoming",150
0,717,"atlas2019",2019-10-14 11:00:00,0.4,22.5,-0.143583590719327,90,1011.8,7.5,8,0,-348.429264525572,1000,"day","outgoing",90
0,717,"atlas2019",2019-10-16 20:00:00,6.7,360,-2.21338597066066,-170,1002.3,-1.60000000000002,8,1,196.143255154292,1000,"night","incoming",170
0,717,"atlas2019",2019-10-17 04:00:00,3.6,90,-3.59722040632455,310,1003.4,-1.20000000000005,8,0,-761.590345954895,1000,"day","outgoing",310
0,717,"atlas2019",2019-10-16 23:00:00,4.9,22.5,-2.72214813498849,10,1002.6,-2,8,0.2,376.143255154292,1000,"night","outgoing",10
0,717,"atlas2019",2019-10-14 23:00:00,6.3,292.5,5.4118504748818,70,1003.7,-1,8,0,371.570735474428,1000,"night","outgoing",70
0,717,"atlas2019",2019-10-15 11:00:00,4,22.5,-2.08656643124944,40,1002.5,-9.29999999999995,8,0,-346.136593047778,1000,"day","outgoing",40
0,717,"atlas2019",2019-10-14 14:00:00,2.2,270,2.19669319006448,270,1011,8.5,8,0.2,-168.429264525572,1000,"day","outgoing",270
0,717,"atlas2019",2019-10-16 14:00:00,6.7,337.5,0.214765235313864,210,1004.2,1.30000000000007,8,0,-163.856744845708,1000,"day","outgoing",210
0,717,"atlas2019",2019-10-17 10:00:00,1.8,45,-1.30529350704229,-70,1006.4,1.19999999999993,5,0,-401.590345954895,1000,"day","incoming",70
0,717,"atlas2019",2019-10-13 23:00:00,8.5,45,-7.19522777501703,100,1004.7,-3.89999999999998,4,0,369.265856079261,1000,"night","outgoing",100
0,717,"atlas2019",2019-10-14 05:00:00,5.4,67.5,-5.09992468533995,-270,1009.4,2.69999999999993,8,0,-708.429264525572,1000,"day","incoming",270
0,813,"atlas2019",2019-10-20 16:00:00,0.4,360,-0.383962558811208,200,1008,8.39999999999998,8,0,-34.8782723069191,1000,"day","outgoing",200
0,813,"atlas2019",2019-10-19 07:00:00,8,360,-7.99908879502131,-300,999.6,-1.5,8,0,-577.100455566247,1000,"day","incoming",300
0,813,"atlas2019",2019-10-20 01:00:00,4.9,22.5,-4.89887456896166,50,1003,2.29999999999995,8,0,-934.878272306919,1000,"day","outgoing",50
0,813,"atlas2019",2019-10-19 11:00:00,7.2,360,-7.19898799012113,-60,999.7,1.5,8,1,-337.100455566247,1000,"day","incoming",60
0,813,"atlas2019",2019-10-20 11:00:00,2.2,22.5,-2.19756871075435,-100,1006.7,7,8,0,-334.878272306919,1000,"day","incoming",100
0,813,"atlas2019",2019-10-17 07:00:00,2.2,45,-2.19881205813233,-250,1004.3,-0.200000000000045,7,0,-581.590345954895,1000,"day","incoming",250
0,813,"atlas2019",2019-10-19 03:00:00,8,22.5,-7.99930407589042,190,1000.1,-3.79999999999995,8,0,-817.100455566247,1000,"day","outgoing",190
0,813,"atlas2019",2019-10-17 13:00:00,3.1,22.5,-3.09824648392922,110,1007,2.39999999999998,8,0,-221.590345954895,1000,"day","outgoing",110
0,813,"atlas2019",2019-10-18 08:00:00,6.3,337.5,-6.2988983818629,-220,1000.3,-4.70000000000005,5,0,-519.338033417861,1000,"day","incoming",220
0,813,"atlas2019",2019-10-18 04:00:00,6.3,315,-6.29925697703824,290,1003,-0.399999999999977,4,0,-759.338033417861,1000,"day","outgoing",290
0,813,"atlas2019",2019-10-20 02:00:00,4.9,22.5,-4.89887456896166,110,1003.2,2.90000000000009,8,0,-874.878272306919,1000,"day","outgoing",110
0,813,"atlas2019",2019-10-20 13:00:00,1.3,45,-1.29810335853668,20,1007.3,7.59999999999991,8,0,-214.878272306919,1000,"day","outgoing",20
0,813,"atlas2019",2019-10-18 14:00:00,7.2,22.5,-7.1992280403389,140,996.6,-10.5,8,0,-159.338033417861,1000,"day","outgoing",140
0,813,"atlas2019",2019-10-18 23:00:00,8,45,-7.99965239791352,-50,1000.3,-5.20000000000005,8,0,380.661966582139,1000,"night","incoming",50
0,813,"atlas2019",2019-10-19 00:00:00,8,45,-7.99965239791352,10,1000.7,-4.29999999999995,8,0.2,-997.100455566247,1000,"day","outgoing",10
0,820,"atlas2019",2019-10-19 16:00:00,5.4,360,-3.9219081118841,240,999.6,2.5,8,0,-37.1004555662473,1000,"day","outgoing",240
0,820,"atlas2019",2019-10-18 10:00:00,7.2,360,-5.45667385222409,-100,999.4,-7,8,0,-399.338033417861,1000,"day","incoming",100
0,820,"atlas2019",2019-10-17 22:00:00,3.6,360,-2.48150020867658,-70,1005.9,3.5,2,0,318.409654045105,1000,"night","incoming",70
0,820,"atlas2019",2019-10-16 13:00:00,5.8,337.5,-2.71877368183389,150,1004.6,1.70000000000005,8,0.2,-223.856744845708,1000,"day","outgoing",150
0,820,"atlas2019",2019-10-18 01:00:00,4.9,337.5,-2.14594572652996,110,1004.8,2.19999999999993,8,0,-939.338033417861,1000,"day","outgoing",110
0,820,"atlas2019",2019-10-16 17:00:00,7.2,337.5,-3.69692478743114,-350,1003,-0.200000000000045,8,0,16.1432551542918,1000,"night","incoming",350
0,820,"atlas2019",2019-10-17 13:00:00,3.1,22.5,-2.75848664588486,110,1007,2.39999999999998,8,0,-221.590345954895,1000,"day","outgoing",110
0,820,"atlas2019",2019-10-17 08:00:00,3.1,90,-2.62565769389033,-190,1005,0.299999999999955,2,0,-521.590345954895,1000,"day","incoming",190
0,820,"atlas2019",2019-10-20 09:00:00,2.2,22.5,-1.93958688007033,-220,1005.3,6.09999999999991,8,0,-454.878272306919,1000,"day","incoming",220
0,820,"atlas2019",2019-10-19 17:00:00,5.8,22.5,-5.2786528393892,300,999.9,1.60000000000002,8,0,22.8995444337527,1000,"night","outgoing",300
0,820,"atlas2019",2019-10-18 23:00:00,8,45,-7.95398215635424,-50,1000.3,-5.20000000000005,8,0,380.661966582139,1000,"night","incoming",50
0,820,"atlas2019",2019-10-17 07:00:00,2.2,45,-2.1803510989641,-250,1004.3,-0.200000000000045,7,0,-581.590345954895,1000,"day","incoming",250
0,820,"atlas2019",2019-10-20 00:00:00,4.9,22.5,-4.42955501525507,-10,1002.6,1.89999999999998,8,0,-994.878272306919,1000,"day","incoming",10
0,820,"atlas2019",2019-10-18 21:00:00,10.3,22.5,-9.61670422319277,-170,999.7,-6.19999999999993,5,0,260.661966582139,1000,"night","incoming",170
0,820,"atlas2019",2019-10-16 14:00:00,6.7,337.5,-3.3361988918582,210,1004.2,1.30000000000007,8,0,-163.856744845708,1000,"day","outgoing",210
0,859,"atlas2019",2019-10-19 14:00:00,5.4,360,-3.21053393529582,120,999.7,3.10000000000002,8,0,-157.100455566247,1000,"day","outgoing",120
0,859,"atlas2019",2019-10-19 09:00:00,7.6,360,-5.13585844526208,-180,999.2,-0.5,8,0,-457.100455566247,1000,"day","incoming",180
0,859,"atlas2019",2019-10-18 17:00:00,11.2,45,-10.8138169901667,320,998.3,-8,8,0,20.6619665821393,1000,"night","outgoing",320
0,859,"atlas2019",2019-10-18 21:00:00,10.3,22.5,-9.06110345431465,-170,999.7,-6.19999999999993,5,0,260.661966582139,1000,"night","incoming",170
0,859,"atlas2019",2019-10-19 06:00:00,7.6,360,-5.13585844526208,370,999.5,-2.29999999999995,8,0,-637.100455566247,1000,"day","outgoing",370
0,859,"atlas2019",2019-10-18 20:00:00,9.8,22.5,-8.56696206178584,-230,999.5,-6.79999999999995,8,1.2,200.661966582139,1000,"night","incoming",230
0,859,"atlas2019",2019-10-18 02:00:00,5.8,337.5,-1.92424176971605,170,1004.4,1.5,8,0,-879.338033417861,1000,"day","outgoing",170
0,859,"atlas2019",2019-10-18 03:00:00,6.3,337.5,-2.29128484197923,230,1003.9,0.799999999999955,8,0,-819.338033417861,1000,"day","outgoing",230
0,859,"atlas2019",2019-10-18 14:00:00,7.2,22.5,-6.0393130247111,140,996.6,-10.5,8,0,-159.338033417861,1000,"day","outgoing",140
0,859,"atlas2019",2019-10-20 11:00:00,2.2,22.5,-1.58689520050129,-100,1006.7,7,8,0,-334.878272306919,1000,"day","incoming",100
0,859,"atlas2019",2019-10-17 21:00:00,3.6,360,-1.8392241857948,-130,1005.9,3.60000000000002,0,0,258.409654045105,1000,"night","incoming",130
0,859,"atlas2019",2019-10-17 15:00:00,4,360,-2.12379344623255,230,1007.1,3.60000000000002,8,0,-101.590345954895,1000,"day","outgoing",230
0,859,"atlas2019",2019-10-20 09:00:00,2.2,22.5,-1.58689520050129,-220,1005.3,6.09999999999991,8,0,-454.878272306919,1000,"day","incoming",220
0,859,"atlas2019",2019-10-16 22:00:00,5.4,360,-3.21053393529582,-50,1002.4,-2.10000000000002,8,0.2,316.143255154292,1000,"night","incoming",50
0,859,"atlas2019",2019-10-19 07:00:00,8,360,-5.50703368439749,-300,999.6,-1.5,8,0,-577.100455566247,1000,"day","incoming",300
0,877,"atlas2019",2019-10-18 03:00:00,6.3,337.5,-6.21895571229414,230,1003.9,0.799999999999955,8,0,-819.338033417861,1000,"day","outgoing",230
0,877,"atlas2019",2019-10-19 15:00:00,5.4,360,-5.33628753316187,180,999.5,3,8,0,-97.1004555662473,1000,"day","outgoing",180
0,877,"atlas2019",2019-10-20 14:00:00,1.3,360,-1.15957521649886,80,1007.5,7.79999999999995,8,0,-154.878272306919,1000,"day","outgoing",80
0,877,"atlas2019",2019-10-18 05:00:00,6.3,337.5,-6.21895571229414,350,1002.6,-1.19999999999993,2,0,-699.338033417861,1000,"day","outgoing",350
0,877,"atlas2019",2019-10-18 04:00:00,6.3,315,-6.21371126089658,290,1003,-0.399999999999977,4,0,-759.338033417861,1000,"day","outgoing",290
0,877,"atlas2019",2019-10-19 11:00:00,7.2,360,-7.14973454325331,-60,999.7,1.5,8,1,-337.100455566247,1000,"day","incoming",60
0,877,"atlas2019",2019-10-16 21:00:00,5.8,360,-5.73984377873918,-110,1002.3,-1.70000000000005,8,0,256.143255154292,1000,"night","incoming",110
0,877,"atlas2019",2019-10-20 09:00:00,2.2,22.5,-2.15038566871307,-220,1005.3,6.09999999999991,8,0,-454.878272306919,1000,"day","incoming",220
0,877,"atlas2019",2019-10-17 14:00:00,3.6,360,-3.5137453389034,170,1007.1,2.89999999999998,7,0,-161.590345954895,1000,"day","outgoing",170
0,877,"atlas2019",2019-10-16 18:00:00,7.2,337.5,-7.12844350439058,-290,1002.5,-0.700000000000045,8,1,76.1432551542918,1000,"night","incoming",290
0,877,"atlas2019",2019-10-19 23:00:00,4.9,22.5,-4.86845023628863,-70,1002,1.70000000000005,8,0,382.899544433753,1000,"night","incoming",70
0,877,"atlas2019",2019-10-18 22:00:00,9.4,22.5,-9.38092059060853,-110,1000.2,-5.69999999999993,7,0,320.661966582139,1000,"night","incoming",110
0,877,"atlas2019",2019-10-20 08:00:00,2.7,22.5,-2.6547870810145,-280,1004.8,5.5,8,0,-514.878272306919,1000,"day","incoming",280
0,877,"atlas2019",2019-10-19 14:00:00,5.4,360,-5.33628753316187,120,999.7,3.10000000000002,8,0,-157.100455566247,1000,"day","outgoing",120
0,877,"atlas2019",2019-10-18 08:00:00,6.3,337.5,-6.21895571229414,-220,1000.3,-4.70000000000005,5,0,-519.338033417861,1000,"day","incoming",220
0,920,"atlas2019",2019-10-20 22:00:00,1.3,270,1.26766095011677,-170,1010.9,9.39999999999998,8,0,325.121727693081,1000,"night","incoming",170
0,920,"atlas2019",2019-10-23 00:00:00,2.2,22.5,-1.41818807631601,-180,1020.9,4,8,0,-988.310868676503,1000,"day","incoming",180
0,920,"atlas2019",2019-10-21 11:00:00,6.3,247.5,6.02088178708789,-160,1012.9,6.19999999999993,8,0.6,-332.672155416012,1000,"day","incoming",160
0,920,"atlas2019",2019-10-20 02:00:00,4.9,22.5,-3.53301344724399,110,1003.2,2.90000000000009,8,0,-874.878272306919,1000,"day","outgoing",110
0,920,"atlas2019",2019-10-20 01:00:00,4.9,22.5,-3.53301344724399,50,1003,2.29999999999995,8,0,-934.878272306919,1000,"day","outgoing",50
0,920,"atlas2019",2019-10-22 20:00:00,3.6,67.5,-3.55774313706765,310,1021.3,5.29999999999995,7,0,209.517211218675,1000,"night","outgoing",310
0,920,"atlas2019",2019-10-20 21:00:00,1.3,270,1.26766095011677,-230,1010.4,9.29999999999995,8,0,265.121727693081,1000,"night","incoming",230
0,920,"atlas2019",2019-10-23 15:00:00,3.6,270,3.47661810239685,-70,1013.4,-7.70000000000005,8,0,-88.3108686765035,1000,"day","incoming",70
0,920,"atlas2019",2019-10-21 19:00:00,0.4,22.5,-0.231924050022312,320,1015.3,6,8,0,147.327844583988,1000,"night","outgoing",320
0,920,"atlas2019",2019-10-21 03:00:00,2.2,202.5,1.01741875493476,130,1011.7,8.40000000000009,8,0,-812.672155416012,1000,"day","outgoing",130
0,920,"atlas2019",2019-10-20 08:00:00,2.7,22.5,-1.7834217063217,-280,1004.8,5.5,8,0,-514.878272306919,1000,"day","incoming",280
0,920,"atlas2019",2019-10-22 07:00:00,1.3,67.5,-1.28058024977417,290,1018.1,5.89999999999998,3,0,-570.482788781325,1000,"day","outgoing",290
0,920,"atlas2019",2019-10-21 17:00:00,1.8,22.5,-1.13630604434576,200,1014.6,6.10000000000002,8,0,27.3278445839882,1000,"night","outgoing",200
0,920,"atlas2019",2019-10-22 02:00:00,4,22.5,-2.79208477943952,-10,1017.4,5.69999999999993,8,0,-870.482788781325,1000,"day","incoming",10
0,920,"atlas2019",2019-10-22 09:00:00,1.3,45,-1.11570063910386,-350,1019.4,7.19999999999993,8,0,-450.482788781325,1000,"day","incoming",350
0,833,"atlas2019",2019-10-19 20:00:00,5.8,22.5,-5.37640162140824,-250,1000.8,1.29999999999995,7,0,202.899544433753,1000,"night","incoming",250
0,833,"atlas2019",2019-10-22 09:00:00,1.3,45,-1.22440010724364,-350,1019.4,7.19999999999993,8,0,-450.482788781325,1000,"day","incoming",350
0,833,"atlas2019",2019-10-21 15:00:00,1.8,292.5,0.879898095312221,80,1013.9,6.10000000000002,8,0,-92.6721554160118,1000,"day","outgoing",80
0,833,"atlas2019",2019-10-22 02:00:00,4,22.5,-3.5753866899137,-10,1017.4,5.69999999999993,8,0,-870.482788781325,1000,"day","incoming",10
0,833,"atlas2019",2019-10-21 11:00:00,6.3,247.5,-6.22420187001508,-160,1012.9,6.19999999999993,8,0.6,-332.672155416012,1000,"day","incoming",160
0,833,"atlas2019",2019-10-20 00:00:00,4.9,22.5,-4.47178897707912,-10,1002.6,1.89999999999998,8,0,-994.878272306919,1000,"day","incoming",10
0,833,"atlas2019",2019-10-23 00:00:00,2.2,22.5,-1.83649723835438,-180,1020.9,4,8,0,-988.310868676503,1000,"day","incoming",180
0,833,"atlas2019",2019-10-20 23:00:00,1.8,225,1.44738528603584,-110,1011,9,8,0,385.121727693081,1000,"night","incoming",110
0,833,"atlas2019",2019-10-21 17:00:00,1.8,22.5,-1.46824033047371,200,1014.6,6.10000000000002,8,0,27.3278445839882,1000,"night","outgoing",200
0,833,"atlas2019",2019-10-22 18:00:00,4.5,90,-4.41799471718832,190,1021.2,6.40000000000009,6,0,89.517211218675,1000,"night","outgoing",190
0,833,"atlas2019",2019-10-20 05:00:00,4,22.5,-3.5753866899137,290,1003.7,3.80000000000007,8,0,-694.878272306919,1000,"day","outgoing",290
0,833,"atlas2019",2019-10-21 23:00:00,4,22.5,-3.5753866899137,-190,1016.6,5.60000000000002,8,0,387.327844583988,1000,"night","incoming",190
0,833,"atlas2019",2019-10-23 05:00:00,3.1,22.5,-2.69337600246559,120,1019,1.70000000000005,7,0,-688.310868676503,1000,"day","outgoing",120
0,833,"atlas2019",2019-10-22 05:00:00,4,22.5,-3.5753866899137,170,1017.3,5.39999999999998,7,0,-690.482788781325,1000,"day","outgoing",170
0,833,"atlas2019",2019-10-21 02:00:00,1.3,225,1.09975875889196,70,1011.7,8.5,8,0,-872.672155416012,1000,"day","outgoing",70
0,888,"atlas2019",2019-10-20 00:00:00,4.9,22.5,-2.53944693820496,-10,1002.6,1.89999999999998,8,0,-994.878272306919,1000,"day","incoming",10
0,888,"atlas2019",2019-10-20 19:00:00,0.4,315,0.287414201772257,380,1009.3,8.79999999999995,8,0,145.121727693081,1000,"night","outgoing",380
0,888,"atlas2019",2019-10-23 09:00:00,2.7,337.5,0.825363042652872,360,1017.8,-1.60000000000002,8,0,-448.310868676504,1000,"day","outgoing",360
0,888,"atlas2019",2019-10-21 23:00:00,4,22.5,-1.9670257711926,-190,1016.6,5.60000000000002,8,0,387.327844583988,1000,"night","incoming",190
0,888,"atlas2019",2019-10-22 02:00:00,4,22.5,-1.9670257711926,-10,1017.4,5.69999999999993,8,0,-870.482788781325,1000,"day","incoming",10
0,888,"atlas2019",2019-10-20 05:00:00,4,22.5,-1.9670257711926,290,1003.7,3.80000000000007,8,0,-694.878272306919,1000,"day","outgoing",290
0,888,"atlas2019",2019-10-19 17:00:00,5.8,22.5,-3.15137135491574,300,999.9,1.60000000000002,8,0,22.8995444337527,1000,"night","outgoing",300
0,888,"atlas2019",2019-10-20 04:00:00,4.5,22.5,-2.27994236103131,230,1003.5,3.29999999999995,8,0,-754.878272306919,1000,"day","outgoing",230
0,888,"atlas2019",2019-10-22 20:00:00,3.6,67.5,-3.36185487599578,310,1021.3,5.29999999999995,7,0,209.517211218675,1000,"night","outgoing",310
0,888,"atlas2019",2019-10-22 03:00:00,4,22.5,-1.9670257711926,50,1017.4,5.69999999999993,8,0,-810.482788781325,1000,"day","outgoing",50
0,888,"atlas2019",2019-10-20 07:00:00,3.1,22.5,-1.43783672747046,-340,1004.2,4.60000000000002,8,0,-574.878272306919,1000,"day","incoming",340
0,888,"atlas2019",2019-10-20 20:00:00,0.9,315,0.637026472435298,-290,1009.8,9,8,0,205.121727693081,1000,"night","incoming",290
0,888,"atlas2019",2019-10-20 15:00:00,0.4,360,0.00443354597847978,140,1007.8,8.29999999999995,8,0,-94.8782723069191,1000,"day","outgoing",140
0,888,"atlas2019",2019-10-20 14:00:00,1.3,360,-0.0356663779179648,80,1007.5,7.79999999999995,8,0,-154.878272306919,1000,"day","outgoing",80
0,888,"atlas2019",2019-10-20 16:00:00,0.4,360,0.00443354597847978,200,1008,8.39999999999998,8,0,-34.8782723069191,1000,"day","outgoing",200
0,889,"atlas2019",2019-10-20 13:00:00,1.3,45,-1.2228556999023,20,1007.3,7.59999999999991,8,0,-214.878272306919,1000,"day","outgoing",20
0,889,"atlas2019",2019-10-21 03:00:00,2.2,202.5,-1.96964932608316,130,1011.7,8.40000000000009,8,0,-812.672155416012,1000,"day","outgoing",130
0,889,"atlas2019",2019-10-22 18:00:00,4.5,90,-4.49995281658571,190,1021.2,6.40000000000009,6,0,89.517211218675,1000,"night","outgoing",190
0,889,"atlas2019",2019-10-21 05:00:00,3.6,225,-3.49720352635297,250,1011.9,8.19999999999993,8,0,-692.672155416012,1000,"day","outgoing",250
0,889,"atlas2019",2019-10-20 12:00:00,1.8,45,-1.72970692984929,-40,1007.1,7.20000000000005,8,0,-274.878272306919,1000,"day","incoming",40
0,889,"atlas2019",2019-10-21 15:00:00,1.8,292.5,-1.67065051629144,80,1013.9,6.10000000000002,8,0,-92.6721554160118,1000,"day","outgoing",80
0,889,"atlas2019",2019-10-20 00:00:00,4.9,22.5,-4.82673208676328,-10,1002.6,1.89999999999998,8,0,-994.878272306919,1000,"day","incoming",10
0,889,"atlas2019",2019-10-20 03:00:00,4.9,22.5,-4.82673208676328,170,1003.3,3.19999999999993,8,0,-814.878272306919,1000,"day","outgoing",170
0,889,"atlas2019",2019-10-21 17:00:00,1.8,22.5,-1.65559250957289,200,1014.6,6.10000000000002,8,0,27.3278445839882,1000,"night","outgoing",200
0,889,"atlas2019",2019-10-23 09:00:00,2.7,337.5,-2.51453441016497,360,1017.8,-1.60000000000002,8,0,-448.310868676504,1000,"day","outgoing",360
0,889,"atlas2019",2019-10-19 19:00:00,5.8,22.5,-5.73640338130586,-310,1000.5,1,7,0,142.899544433753,1000,"night","incoming",310
0,889,"atlas2019",2019-10-22 21:00:00,2.7,67.5,-2.68349819475789,-360,1021.3,4.89999999999998,8,0,269.517211218675,1000,"night","incoming",360
0,889,"atlas2019",2019-10-20 22:00:00,1.3,270,-1.29591088001929,-170,1010.9,9.39999999999998,8,0,325.121727693081,1000,"night","incoming",170
0,889,"atlas2019",2019-10-23 04:00:00,3.6,22.5,-3.5065426284426,60,1018.9,1.60000000000002,8,0,-748.310868676503,1000,"day","outgoing",60
0,889,"atlas2019",2019-10-22 07:00:00,1.3,67.5,-1.27904308895308,290,1018.1,5.89999999999998,3,0,-570.482788781325,1000,"day","outgoing",290
0,915,"atlas2019",2019-10-28 07:00:00,5.4,112.5,-4.87647952148173,-120,1019.9,7,2,0,-557.738231503963,1000,"day","incoming",120
0,915,"atlas2019",2019-10-25 01:00:00,6.3,45,-6.24611076673585,-310,1007.1,0.100000000000023,2,0,-924.022216478984,1000,"day","incoming",310
0,915,"atlas2019",2019-10-27 04:00:00,8.9,90,-8.74581670670483,-230,1011.4,5,7,0,-739.812025443713,1000,"day","incoming",230
0,915,"atlas2019",2019-10-25 18:00:00,5.8,360,-5.05854755570508,-70,1011.9,9.29999999999995,8,0,95.9777835210164,1000,"night","incoming",70
0,915,"atlas2019",2019-10-25 07:00:00,5.4,45,-5.34569945455912,50,1010.3,6.5,8,0,-564.022216478984,1000,"day","outgoing",50
0,915,"atlas2019",2019-10-27 13:00:00,8,90,-7.84165520552189,310,1016.8,10.5,6,0,-199.812025443713,1000,"day","outgoing",310
0,915,"atlas2019",2019-10-28 15:00:00,4.5,135,-3.42148726033238,360,1021,3.70000000000005,7,0,-77.7382315039635,1000,"day","outgoing",360
0,915,"atlas2019",2019-10-26 20:00:00,10.3,45,-10.2513739939696,0,1003.8,-6.60000000000002,8,0.4,218.093059058984,1000,"night","incoming",0
0,915,"atlas2019",2019-10-27 05:00:00,8.5,90,-8.34392863453138,-170,1012,6,8,0,-679.812025443713,1000,"day","incoming",170
0,915,"atlas2019",2019-10-28 01:00:00,6.7,112.5,-6.19015914819371,260,1019.8,12.0999999999999,5,0,-917.738231503963,1000,"day","outgoing",260
0,915,"atlas2019",2019-10-25 00:00:00,5.4,45,-5.34569945455912,350,1006.5,0.100000000000023,7,0,-984.022216478984,1000,"day","outgoing",350
0,915,"atlas2019",2019-10-27 16:00:00,8,90,-7.84165520552189,-280,1017.4,13.1,3,0,-19.8120254437129,1000,"day","incoming",280
0,915,"atlas2019",2019-10-27 03:00:00,8.9,90,-8.74581670670483,-290,1009.7,3.10000000000002,8,0,-799.812025443713,1000,"day","incoming",290
0,915,"atlas2019",2019-10-28 09:00:00,5.4,112.5,-4.87647952148173,0,1020.9,5.89999999999998,2,0.8,-437.738231503963,1000,"day","incoming",0
0,915,"atlas2019",2019-10-25 14:00:00,3.6,22.5,-3.30490747148422,-310,1013.6,11.1,8,0,-144.022216478984,1000,"day","incoming",310
0,860,"atlas2019",2019-10-25 20:00:00,8.5,360,-8.28762340718566,50,1010.4,7.19999999999993,8,0,215.977783521016,1000,"night","outgoing",50
0,860,"atlas2019",2019-10-27 16:00:00,8,90,-7.99682734504419,-280,1017.4,13.1,3,0,-19.8120254437129,1000,"day","incoming",280
0,860,"atlas2019",2019-10-28 20:00:00,2.7,157.5,-2.46943786021717,-100,1021.4,2.89999999999998,8,0.2,222.261768496037,1000,"night","incoming",100
0,860,"atlas2019",2019-10-27 15:00:00,8,90,-7.99682734504419,-340,1017.3,12.0999999999999,2,0,-79.8120254437129,1000,"day","incoming",340
0,860,"atlas2019",2019-10-29 15:00:00,3.6,247.5,-3.22909467917859,320,1025.1,4.09999999999991,0,0,-75.6863342205683,1000,"day","outgoing",320
0,860,"atlas2019",2019-10-25 23:00:00,8.5,360,-8.28762340718566,230,1008.8,3.29999999999995,8,0,395.977783521016,1000,"night","outgoing",230
0,860,"atlas2019",2019-10-28 21:00:00,2.7,225,-1.940324156282,-40,1021.7,3,8,0,282.261768496037,1000,"night","incoming",40
0,860,"atlas2019",2019-10-27 10:00:00,8.5,90,-8.49694601768713,130,1015.5,9.10000000000002,8,0,-379.812025443713,1000,"day","outgoing",130
0,860,"atlas2019",2019-10-25 19:00:00,7.6,360,-7.36285642239058,-10,1011.2,8.40000000000009,8,0,155.977783521016,1000,"night","incoming",10
0,860,"atlas2019",2019-10-29 12:00:00,0.9,270,0.86535227399937,140,1025.3,4.19999999999993,1,0,-255.686334220568,1000,"day","outgoing",140
0,860,"atlas2019",2019-10-26 05:00:00,10.7,22.5,-10.5579090884012,-120,1006,-3,8,0,-681.906940941016,1000,"day","incoming",120
0,860,"atlas2019",2019-10-26 00:00:00,8.9,22.5,-8.73337569052309,290,1007.4,0.899999999999977,8,0,-981.906940941016,1000,"day","outgoing",290
0,860,"atlas2019",2019-10-28 00:00:00,7.2,90,-7.19661925376251,200,1019.6,13.9,4,0,-977.738231503963,1000,"day","outgoing",200
0,860,"atlas2019",2019-10-27 11:00:00,8,90,-7.99682734504419,190,1016.4,10.3,8,0,-319.812025443713,1000,"day","outgoing",190
0,860,"atlas2019",2019-10-29 04:00:00,2.7,180,-2.28548992761033,380,1021.9,2,7,0.4,-735.686334220568,1000,"day","outgoing",380
0,890,"atlas2019",2019-10-26 00:00:00,8.9,22.5,-8.59405426001717,290,1007.4,0.899999999999977,8,0,-981.906940941016,1000,"day","outgoing",290
0,890,"atlas2019",2019-10-27 14:00:00,8.5,90,-8.4530250362917,370,1016.9,11.1999999999999,3,0,-139.812025443713,1000,"day","outgoing",370
0,890,"atlas2019",2019-10-27 10:00:00,8.5,90,-8.4530250362917,130,1015.5,9.10000000000002,8,0,-379.812025443713,1000,"day","outgoing",130
0,890,"atlas2019",2019-10-25 20:00:00,8.5,360,-7.89120151805928,50,1010.4,7.19999999999993,8,0,215.977783521016,1000,"night","outgoing",50
0,890,"atlas2019",2019-10-28 12:00:00,5.4,112.5,-5.14541316727684,180,1021.1,4.89999999999998,7,0,-257.738231503963,1000,"day","outgoing",180
0,890,"atlas2019",2019-10-26 20:00:00,10.3,45,-10.2113272585233,0,1003.8,-6.60000000000002,8,0.4,218.093059058984,1000,"night","incoming",0
0,890,"atlas2019",2019-10-26 19:00:00,9.4,45,-9.30774739206656,-60,1004,-7.20000000000005,8,0,158.093059058984,1000,"night","incoming",60
0,890,"atlas2019",2019-10-28 04:00:00,5.8,112.5,-5.54897961735047,-300,1019.9,8.5,7,0,-737.738231503963,1000,"day","incoming",300
0,890,"atlas2019",2019-10-28 08:00:00,5.8,112.5,-5.54897961735047,-60,1020.5,6.39999999999998,1,0,-497.738231503963,1000,"day","incoming",60
0,890,"atlas2019",2019-10-29 12:00:00,0.9,270,0.825805606675341,140,1025.3,4.19999999999993,1,0,-255.686334220568,1000,"day","outgoing",140
0,890,"atlas2019",2019-10-26 10:00:00,9.8,22.5,-9.50775883318323,180,1006.4,-6,8,0,-381.906940941016,1000,"day","outgoing",180
0,890,"atlas2019",2019-10-28 22:00:00,1.3,247.5,1.29318686527046,20,1021.7,2.60000000000002,6,0,342.261768496037,1000,"night","outgoing",20
0,890,"atlas2019",2019-10-27 20:00:00,8,90,-7.95203795895251,-40,1018.5,14.7,6,0,220.187974556287,1000,"night","incoming",40
0,890,"atlas2019",2019-10-26 09:00:00,9.8,22.5,-9.50775883318323,120,1006.3,-5.20000000000005,8,0,-441.906940941016,1000,"day","outgoing",120
0,890,"atlas2019",2019-10-28 16:00:00,4,135,-3.37918072246471,-340,1021.2,3.80000000000007,1,0,-17.7382315039635,1000,"day","incoming",340
0,879,"atlas2019",2019-11-13 17:00:00,4,67.5,-3.73482942241707,-290,996.2,2.5,8,0,71.8951347152392,1000,"night","incoming",290
0,879,"atlas2019",2019-11-10 21:00:00,1.8,360,-0.0797320254202028,60,1011,9,2,0,306.92744329373,1000,"night","outgoing",60
0,879,"atlas2019",2019-11-11 18:00:00,9.8,360,-3.88608853943242,-190,992.8,-18.6,8,0,128.617854630947,1000,"night","incoming",190
0,879,"atlas2019",2019-11-13 12:00:00,6.7,90,-6.69649327222077,150,994.3,-0.200000000000045,6,0,-228.104865284761,1000,"day","outgoing",150
0,879,"atlas2019",2019-11-13 02:00:00,10.7,360,-4.59531139496956,280,989.6,-4.69999999999993,8,1.8,-828.104865284761,1000,"day","outgoing",280
0,879,"atlas2019",2019-11-11 15:00:00,8.5,360,-2.94231453242805,-370,995.4,-15.5,8,0.2,-51.3821453690529,1000,"day","incoming",370
0,879,"atlas2019",2019-11-11 04:00:00,4.9,360,-0.935700196737337,-260,1007,1.79999999999995,8,0,-711.382145369053,1000,"day","incoming",260
0,879,"atlas2019",2019-11-13 10:00:00,5.8,90,-5.79675431260182,30,993.6,-1.19999999999993,1,0.2,-348.104865284761,1000,"day","outgoing",30
0,879,"atlas2019",2019-11-12 01:00:00,5.8,45,-4.59571993072787,230,994.3,-15.1,8,0,-889.725923554103,1000,"day","outgoing",230
0,879,"atlas2019",2019-11-12 17:00:00,8.5,360,-2.94231453242805,-260,993.7,-0.0999999999999091,8,0,70.2740764458974,1000,"night","incoming",260
0,879,"atlas2019",2019-11-13 20:00:00,2.7,67.5,-2.50104995535883,-110,997.2,3.5,8,0,251.895134715239,1000,"night","incoming",110
0,879,"atlas2019",2019-11-12 10:00:00,7.6,22.5,-4.58508738435379,80,994.8,-6.20000000000005,8,1.4,-349.725923554103,1000,"day","outgoing",80
0,879,"atlas2019",2019-11-14 06:00:00,5.4,315,3.10558808317283,-230,997.9,6.89999999999998,8,0,-586.519954955578,1000,"day","incoming",230
0,879,"atlas2019",2019-11-10 17:00:00,4,45,-3.05222354668861,-180,1011.1,10.6,8,0,66.9274432937304,1000,"night","incoming",180
0,879,"atlas2019",2019-11-13 06:00:00,4.5,45,-3.47271396286184,-210,991,-2.5,6,0,-588.104865284761,1000,"day","incoming",210
0,903,"atlas2019",2019-11-12 07:00:00,5.4,22.5,-5.28741656209976,-100,993.9,-9.80000000000007,8,0.2,-529.725923554103,1000,"day","incoming",100
0,903,"atlas2019",2019-11-12 23:00:00,10.7,337.5,-10.6269362521291,100,992.6,-1.39999999999998,8,0.2,430.274076445897,1000,"night","outgoing",100
0,903,"atlas2019",2019-11-14 15:00:00,5.4,292.5,-5.36597546924313,310,1001.1,5.39999999999998,8,0,-46.5199549555779,1000,"day","outgoing",310
0,903,"atlas2019",2019-11-11 02:00:00,5.8,22.5,-5.69360158734996,360,1008.6,4.20000000000005,8,0,-831.382145369053,1000,"day","outgoing",360
0,903,"atlas2019",2019-11-11 10:00:00,8.5,360,-8.40072860169254,100,1001,-8.60000000000002,8,0,-351.382145369053,1000,"day","outgoing",100
0,903,"atlas2019",2019-11-12 05:00:00,8.5,360,-8.40072860169254,-220,993.9,-11.7,8,1,-649.725923554103,1000,"day","incoming",220
0,903,"atlas2019",2019-11-13 11:00:00,5.8,90,-5.79994698072602,90,994,-0.899999999999977,1,0,-288.104865284761,1000,"day","outgoing",90
0,903,"atlas2019",2019-11-13 02:00:00,10.7,360,-10.6207438369623,280,989.6,-4.69999999999993,8,1.8,-828.104865284761,1000,"day","outgoing",280
0,903,"atlas2019",2019-11-11 17:00:00,10.3,360,-10.2177201294656,-250,993.8,-17.3000000000001,8,0,68.6178546309471,1000,"night","incoming",250
0,903,"atlas2019",2019-11-11 03:00:00,4.9,22.5,-4.77867136727207,-320,1008.2,3.40000000000009,8,0,-771.382145369053,1000,"day","incoming",320
0,903,"atlas2019",2019-11-14 00:00:00,4.9,337.5,-4.72666738789959,130,997.2,5.40000000000009,4,0,-946.519954955578,1000,"day","outgoing",130
0,903,"atlas2019",2019-11-14 05:00:00,5.4,315,-5.29262860036069,-290,997.6,6.89999999999998,7,0,-646.519954955578,1000,"day","incoming",290
0,903,"atlas2019",2019-11-11 09:00:00,8,337.5,-7.89963675376428,40,1002.2,-6.5,8,0,-411.382145369053,1000,"day","outgoing",40
0,903,"atlas2019",2019-11-14 17:00:00,4.5,270,-4.49979641869498,-310,1002.5,6.29999999999995,8,0,73.4800450444222,1000,"night","incoming",310
0,903,"atlas2019",2019-11-13 10:00:00,5.8,90,-5.79994698072602,30,993.6,-1.19999999999993,1,0.2,-348.104865284761,1000,"day","outgoing",30
0,981,"atlas2020",2020-11-02 21:00:00,9.8,67.5,-8.16970894994819,-70,1007.2,7.40000000000009,1,0,293.755176635583,1000,"night","incoming",70
0,981,"atlas2020",2020-11-05 14:00:00,5.4,67.5,-4.18400083852856,150,1035.2,6,8,0,-120.597738794486,1000,"day","outgoing",150
0,981,"atlas2020",2020-11-05 19:00:00,2.7,67.5,-1.95646869288352,-290,1034.6,2.09999999999991,8,0,179.402261205514,1000,"night","incoming",290
0,981,"atlas2020",2020-11-04 00:00:00,6.7,67.5,-5.32484127086591,90,1018.7,9.30000000000007,7,0.8,-962.452013524373,1000,"day","outgoing",90
0,981,"atlas2020",2020-11-05 20:00:00,2.2,67.5,-1.57036852336944,-230,1034.5,1.5,6,0,239.402261205514,1000,"night","incoming",230
0,981,"atlas2020",2020-11-04 21:00:00,3.1,112.5,-3.09501260476969,-130,1033.7,17,4,0,297.547986475627,1000,"night","incoming",130
0,981,"atlas2020",2020-11-03 11:00:00,4.9,22.5,-0.834018424218791,60,1016.6,18.4,8,0,-304.334669351578,1000,"day","outgoing",60
0,981,"atlas2020",2020-11-04 02:00:00,8.5,67.5,-6.9586182365609,210,1020.5,9.39999999999998,7,0,-842.452013524373,1000,"day","outgoing",210
0,981,"atlas2020",2020-11-03 20:00:00,8.5,67.5,-6.9586182365609,-150,1016.2,9.80000000000007,7,1.8,235.665330648422,1000,"night","incoming",150
0,981,"atlas2020",2020-11-06 09:00:00,0.9,67.5,-0.614801459542315,-190,1033.3,-2.60000000000014,8,0,-418.772741731008,1000,"day","incoming",190
0,981,"atlas2020",2020-11-02 23:00:00,12.1,67.5,-10.3608687090242,50,1008.5,9.70000000000005,2,0,413.755176635583,1000,"night","outgoing",50
0,981,"atlas2020",2020-11-04 04:00:00,6.7,90,-6.30021311543555,330,1022.2,9.70000000000005,7,0,-722.452013524373,1000,"day","outgoing",330
0,981,"atlas2020",2020-11-05 12:00:00,4.9,67.5,-3.75570531013081,30,1035.8,7.89999999999986,8,0,-240.597738794486,1000,"day","outgoing",30
0,981,"atlas2020",2020-11-04 19:00:00,3.1,90,-2.85593428871357,-250,1032.5,17.3,7,0,177.547986475627,1000,"night","incoming",250
0,981,"atlas2020",2020-11-03 15:00:00,9.8,360,-0.360571028362627,300,1013,13,8,0,-64.3346693515778,1000,"day","outgoing",300
0,2037,"atlas2020",2020-11-03 23:00:00,6.7,67.5,-6.68361313725593,30,1018.2,9.70000000000005,7,0,415.665330648422,1000,"night","outgoing",30
0,2037,"atlas2020",2020-11-05 17:00:00,4.5,90,-4.49505683637384,330,1034.6,4,8,0,59.4022612055143,1000,"night","outgoing",330
0,2037,"atlas2020",2020-11-04 10:00:00,5.8,90,-5.79547601235745,-60,1027,10.2,6,0,-362.452013524373,1000,"day","incoming",60
0,2037,"atlas2020",2020-11-04 21:00:00,3.1,112.5,-3.01675933910286,-130,1033.7,17,4,0,297.547986475627,1000,"night","incoming",130
0,2037,"atlas2020",2020-11-04 23:00:00,3.1,90,-3.09466565265053,-10,1034.3,16.0999999999999,8,0,417.547986475627,1000,"night","incoming",10
0,2037,"atlas2020",2020-11-03 18:00:00,12.5,67.5,-12.4885801274956,-270,1014.3,9.69999999999993,8,0,115.665330648422,1000,"night","incoming",270
0,2037,"atlas2020",2020-11-05 19:00:00,2.7,67.5,-2.67910583235721,-290,1034.6,2.09999999999991,8,0,179.402261205514,1000,"night","incoming",290
0,2037,"atlas2020",2020-11-04 19:00:00,3.1,90,-3.09466565265053,-250,1032.5,17.3,7,0,177.547986475627,1000,"night","incoming",250
0,2037,"atlas2020",2020-11-05 01:00:00,3.6,90,-3.59478450481456,110,1034.8,15.1999999999999,5,0,-900.597738794486,1000,"day","outgoing",110
0,2037,"atlas2020",2020-11-06 02:00:00,1.3,67.5,-1.2810551584591,130,1033.8,-1.10000000000014,8,0,-838.772741731008,1000,"day","outgoing",130
0,2037,"atlas2020",2020-11-03 04:00:00,10.7,67.5,-10.6873563617511,350,1012.5,15.5,6,0,-724.334669351578,1000,"day","outgoing",350
0,2037,"atlas2020",2020-11-04 06:00:00,5.8,90,-5.79547601235745,-300,1023.4,8.79999999999995,5,0,-602.452013524373,1000,"day","incoming",300
0,2037,"atlas2020",2020-11-03 01:00:00,11.6,67.5,-11.5879971321649,170,1010.2,12.5,8,0,-904.334669351578,1000,"day","outgoing",170
0,2037,"atlas2020",2020-11-03 12:00:00,5.8,337.5,-5.26351871101808,120,1015.8,16.9,8,0,-244.334669351578,1000,"day","outgoing",120
0,2037,"atlas2020",2020-11-05 16:00:00,4.9,67.5,-4.88140428561081,270,1034.5,4.40000000000009,8,0,-0.597738794485728,1000,"day","outgoing",270
0,2039,"atlas2020",2020-10-02 17:00:00,5.8,270,-5.79999992799072,-280,992.4,-2.89999999999998,8,0,-14.9066047430038,1000,"day","incoming",280
0,2039,"atlas2020",2020-10-01 16:00:00,8,315,-7.99999833514375,-320,995.4,-13.6,8,0.8,-77.3093694289525,1000,"day","incoming",320
0,2039,"atlas2020",2020-10-02 04:00:00,2.7,360,-2.69999246130758,-330,996.2,-6.39999999999998,8,0,-794.906604743004,1000,"day","incoming",330
0,2039,"atlas2020",2020-09-29 00:00:00,3.1,22.5,-3.09999504717565,280,1009.1,3.5,8,0,-1042.13062418699,1000,"day","outgoing",280
0,2039,"atlas2020",2020-09-29 17:00:00,1.8,135,-1.79999263949893,-180,1013.1,6.5,8,0,-22.1306241869926,1000,"day","incoming",180
0,2039,"atlas2020",2020-09-29 12:00:00,4,112.5,-3.9999986540619,270,1012.6,6.70000000000005,0,0,-322.130624186993,1000,"day","outgoing",270
0,2039,"atlas2020",2020-09-29 05:00:00,4,112.5,-3.9999986540619,-150,1009.5,4.89999999999998,8,0,-742.130624186993,1000,"day","incoming",150
0,2039,"atlas2020",2020-09-29 21:00:00,0,NA,0,60,1013.9,5.39999999999998,8,0,217.869375813007,1000,"night","outgoing",60
0,2039,"atlas2020",2020-10-01 06:00:00,5.8,315,-5.79999770280437,-170,1001.4,-10.1,8,0,-677.309369428953,1000,"day","incoming",170
0,2039,"atlas2020",2020-10-02 08:00:00,3.1,270,-3.09999986501405,-90,995.7,-4.29999999999995,8,0,-554.906604743004,1000,"day","incoming",90
0,2039,"atlas2020",2020-10-01 18:00:00,8,315,-7.99999833514375,-200,994.5,-13.5,8,0.2,42.6906305710475,1000,"night","incoming",200
0,2039,"atlas2020",2020-09-30 12:00:00,4.9,360,-4.8999958447534,230,1010.9,-1.70000000000005,2,0,-319.717544790109,1000,"day","outgoing",230
0,2039,"atlas2020",2020-10-01 00:00:00,5.8,315,-5.79999770280437,190,1005.9,-7.60000000000002,8,0,-1037.30936942895,1000,"day","outgoing",190
0,2039,"atlas2020",2020-10-02 06:00:00,3.6,292.5,-3.59999849573021,-210,995.9,-5.5,8,0,-674.906604743004,1000,"day","incoming",210
0,2039,"atlas2020",2020-10-02 05:00:00,3.1,292.5,-3.09999825223644,-270,995.8,-6.10000000000002,9,0,-734.906604743004,1000,"day","incoming",270
0,2066,"atlas2020",2020-11-07 02:00:00,4.9,292.5,4.8382778102339,100,1023.8,-10,0,0,-836.977932345867,1000,"day","outgoing",100
0,2066,"atlas2020",2020-11-07 04:00:00,4,315,2.78996831396948,220,1022.7,-10.7,0,0,-716.977932345867,1000,"day","outgoing",220
0,2066,"atlas2020",2020-11-09 16:00:00,3.1,292.5,3.08198181615284,70,1020.9,2,8,0,6.51741794745127,1000,"night","outgoing",70
0,2066,"atlas2020",2020-11-09 05:00:00,1.3,315,1.11562035319398,190,1020.3,0.299999999999955,8,0,-653.482582052549,1000,"day","outgoing",190
0,2066,"atlas2020",2020-11-05 23:00:00,1.3,67.5,-1.05207430479771,-50,1034.6,0.299999999999955,4,0,419.402261205514,1000,"night","incoming",50
0,2066,"atlas2020",2020-11-08 02:00:00,2.2,337.5,1.03602690878489,60,1020.5,-3.29999999999995,0,0,-835.214233799775,1000,"day","outgoing",60
0,2066,"atlas2020",2020-11-08 03:00:00,2.2,337.5,1.03602690878489,120,1020.4,-2.80000000000007,0,0,-775.214233799775,1000,"day","outgoing",120
0,2066,"atlas2020",2020-11-09 14:00:00,2.7,292.5,2.68632967789254,-50,1021,1.5,8,0,-113.482582052549,1000,"day","incoming",50
0,2066,"atlas2020",2020-11-08 08:00:00,2.7,270,2.41604661787548,-340,1020.4,-1.60000000000002,0,0,-475.214233799775,1000,"day","incoming",340
0,2066,"atlas2020",2020-11-07 20:00:00,1.8,337.5,0.920343267867649,-300,1021.2,-6.20000000000005,0,0,243.022067654133,1000,"night","incoming",300
0,2066,"atlas2020",2020-11-06 20:00:00,2.7,315,2.1458989507134,-260,1027.4,-7.09999999999991,7,0,241.227258268992,1000,"night","incoming",260
0,2066,"atlas2020",2020-11-09 17:00:00,3.1,270,2.73019765571377,130,1021.1,1.80000000000007,8,0,66.5174179474513,1000,"night","outgoing",130
0,2066,"atlas2020",2020-11-07 06:00:00,3.6,315,2.63791487445532,340,1022.4,-10.6999999999999,0,0,-596.977932345867,1000,"day","outgoing",340
0,2066,"atlas2020",2020-11-08 11:00:00,3.1,292.5,3.08198181615284,-160,1021,-1.70000000000005,8,0,-295.214233799775,1000,"day","incoming",160
0,2066,"atlas2020",2020-11-08 20:00:00,2.2,270,2.00060504726447,-350,1020,-1.20000000000005,8,0,244.785766200225,1000,"night","incoming",350
0,2077,"atlas2020",2020-11-01 04:00:00,3.1,45,-2.96805915221949,-350,1008.7,-8.89999999999998,8,0,-728.181606447697,1000,"day","incoming",350
0,2077,"atlas2020",2020-11-02 21:00:00,9.8,67.5,-9.79366627874371,-70,1007.2,7.40000000000009,1,0,293.755176635583,1000,"night","incoming",70
0,2077,"atlas2020",2020-10-31 18:00:00,6.3,337.5,-2.22485881669653,-230,1008.2,-6.59999999999991,8,0,109.85583657821,1000,"night","incoming",230
0,2077,"atlas2020",2020-11-02 16:00:00,8.5,90,-8.08859454316563,370,1002,1.79999999999995,3,0,-6.24482336441676,1000,"day","outgoing",370
0,2077,"atlas2020",2020-11-04 12:00:00,4.9,90,-4.58852174446035,60,1027.9,12.1000000000001,7,0,-242.452013524373,1000,"day","outgoing",60
0,2077,"atlas2020",2020-11-01 01:00:00,4.9,45,-4.72074856724355,190,1009.6,-7.89999999999998,8,0,-908.181606447697,1000,"day","outgoing",190
0,2077,"atlas2020",2020-11-03 15:00:00,9.8,360,-7.0511069266805,300,1013,13,8,0,-64.3346693515778,1000,"day","outgoing",300
0,2077,"atlas2020",2020-11-03 00:00:00,11.6,67.5,-11.5933454552303,110,1009.4,10.9,5,0,-964.334669351578,1000,"day","outgoing",110
0,2077,"atlas2020",2020-11-02 11:00:00,13,22.5,-11.7495300883807,70,998.2,-6.09999999999991,8,0,-306.244823364417,1000,"day","outgoing",70
0,2077,"atlas2020",2020-11-01 12:00:00,8.9,360,-6.2450560802655,130,1003.7,-10.5,8,0,-248.181606447697,1000,"day","outgoing",130
0,2077,"atlas2020",2020-11-04 03:00:00,7.6,90,-7.20744296138384,270,1021.2,9.40000000000009,1,0,-782.452013524373,1000,"day","outgoing",270
0,2077,"atlas2020",2020-11-03 11:00:00,4.9,22.5,-4.06894359509491,60,1016.6,18.4,8,0,-304.334669351578,1000,"day","outgoing",60
0,2077,"atlas2020",2020-11-02 07:00:00,12.5,22.5,-11.2591820771872,-170,996.9,-10.7,8,0,-546.244823364417,1000,"day","incoming",170
0,2077,"atlas2020",2020-11-02 22:00:00,9.8,45,-9.55096701260821,-10,1008,8.89999999999998,1,0,353.755176635583,1000,"night","incoming",10
0,2077,"atlas2020",2020-11-03 08:00:00,7.2,67.5,-7.19439662353344,-120,1015.9,18.6,1,0,-484.334669351578,1000,"day","incoming",120
0,2081,"atlas2020",2020-11-07 13:00:00,0.4,337.5,-0.399822302731943,0,1021.6,-10.1999999999999,6,0,-176.977932345867,1000,"day","incoming",0
0,2081,"atlas2020",2020-11-06 21:00:00,3.1,292.5,-3.09999859487135,-200,1027.1,-7.30000000000018,8,0,301.227258268992,1000,"night","incoming",200
0,2081,"atlas2020",2020-11-06 04:00:00,1.3,67.5,-1.29997848799737,250,1033.4,-1.39999999999986,8,0,-718.772741731008,1000,"day","outgoing",250
0,2081,"atlas2020",2020-11-04 23:00:00,3.1,90,-3.09999900592161,-10,1034.3,16.0999999999999,8,0,417.547986475627,1000,"night","incoming",10
0,2081,"atlas2020",2020-11-04 05:00:00,5.4,90,-5.39999942718039,390,1022.6,8.5,6,0,-662.452013524373,1000,"day","outgoing",390
0,2081,"atlas2020",2020-11-05 19:00:00,2.7,67.5,-2.69998954567643,-290,1034.6,2.09999999999991,8,0,179.402261205514,1000,"night","incoming",290
0,2081,"atlas2020",2020-11-06 16:00:00,0.4,22.5,-0.3997720045287,230,1029.6,-4.90000000000009,8,0,1.22725826899211,1000,"night","outgoing",230
0,2081,"atlas2020",2020-11-05 21:00:00,2.2,67.5,-2.19998719486123,-170,1034.4,0.700000000000045,2,0,299.402261205514,1000,"night","incoming",170
0,2081,"atlas2020",2020-11-04 12:00:00,4.9,90,-4.8999993690553,60,1027.9,12.1000000000001,7,0,-242.452013524373,1000,"day","outgoing",60
0,2081,"atlas2020",2020-11-04 09:00:00,5.4,90,-5.39999942718039,-120,1026.1,9.69999999999993,1,0,-422.452013524373,1000,"day","incoming",120
0,2081,"atlas2020",2020-11-06 02:00:00,1.3,67.5,-1.29997848799737,130,1033.8,-1.10000000000014,8,0,-838.772741731008,1000,"day","outgoing",130
0,2081,"atlas2020",2020-11-05 04:00:00,2.7,90,-2.6999988601373,290,1034.8,12.5999999999999,8,0,-720.597738794486,1000,"day","outgoing",290
0,2081,"atlas2020",2020-11-04 02:00:00,8.5,67.5,-8.49999665955397,210,1020.5,9.39999999999998,7,0,-842.452013524373,1000,"day","outgoing",210
0,2081,"atlas2020",2020-11-04 08:00:00,5.8,90,-5.79999946649899,-180,1025,9.10000000000002,2,0,-482.452013524373,1000,"day","incoming",180
0,2081,"atlas2020",2020-11-06 07:00:00,1.3,67.5,-1.29997848799737,-310,1033.1,-1.80000000000018,8,0,-538.772741731008,1000,"day","incoming",310
0,2089,"atlas2020",2020-10-10 09:00:00,7.6,90,-7.50205521940487,-305,1012.9,-2,7,0,-475.942191127936,1000,"day","incoming",305
0,2089,"atlas2020",2020-10-13 07:00:00,6.3,337.5,-2.26161436211555,95,1009.5,-8.20000000000005,8,0,-588.984869921207,1000,"day","outgoing",95
0,2089,"atlas2020",2020-10-11 12:00:00,7.2,112.5,-6.59103861658557,-193,1015.2,0.400000000000091,8,0.6,-293.612021493912,1000,"day","incoming",193
0,2089,"atlas2020",2020-10-11 19:00:00,6.3,135,-4.79480625151478,227,1016.9,1.60000000000002,5,0.4,126.387978506088,1000,"night","outgoing",227
0,2089,"atlas2020",2020-10-10 16:00:00,6.3,67.5,-6.27579332006573,115,1014.6,2,8,0.2,-55.942191127936,1000,"day","outgoing",115
0,2089,"atlas2020",2020-10-12 11:00:00,3.1,90,-3.03327768664093,-350,1017.7,2.80000000000007,8,0,-351.292716912429,1000,"day","incoming",350
0,2089,"atlas2020",2020-10-13 02:00:00,4.9,360,-2.75352149846551,-205,1011.2,-7.29999999999995,8,0,-888.984869921207,1000,"day","incoming",205
0,2089,"atlas2020",2020-10-10 08:00:00,7.6,90,-7.50205521940487,-365,1012.7,-2,7,0,-535.942191127936,1000,"day","incoming",365
0,2089,"atlas2020",2020-10-13 14:00:00,5.4,315,0.382088185420377,-255,1011.5,-4.89999999999998,8,0,-168.984869921207,1000,"day","incoming",255
0,2089,"atlas2020",2020-10-10 17:00:00,5.8,90,-5.7096072846483,175,1014.8,2.59999999999991,8,0,4.05780887206395,1000,"night","outgoing",175
0,2089,"atlas2020",2020-10-10 20:00:00,2.2,112.5,-1.86667681242177,355,1015.4,3.19999999999993,3,1.6,184.057808872064,1000,"night","outgoing",355
0,2089,"atlas2020",2020-10-13 22:00:00,4,270,3.71197119440318,225,1015.4,2.19999999999993,1,0,311.015130078793,1000,"night","outgoing",225
0,2089,"atlas2020",2020-10-11 17:00:00,7.6,112.5,-6.98304150081995,107,1016.2,1.40000000000009,7,1.8,6.38797850608826,1000,"night","outgoing",107
0,2089,"atlas2020",2020-10-11 00:00:00,4.9,90,-4.81542650204185,-150,1015.2,2.90000000000009,7,0.2,-1013.61202149391,1000,"day","incoming",150
0,2089,"atlas2020",2020-10-13 04:00:00,5.8,337.5,-1.88426699490881,-85,1010.1,-8,8,0,-768.984869921207,1000,"day","incoming",85
0,2090,"atlas2020",2020-11-02 18:00:00,7.6,67.5,-7.22333694266066,-250,1004.6,4.39999999999998,5,0,113.755176635583,1000,"night","incoming",250
0,2090,"atlas2020",2020-11-04 13:00:00,4.9,90,-3.83442501906081,120,1028.3,13.4,1,0,-182.452013524373,1000,"day","outgoing",120
0,2090,"atlas2020",2020-11-03 08:00:00,7.2,67.5,-6.8322020762925,-120,1015.9,18.6,1,0,-484.334669351578,1000,"day","incoming",120
0,2090,"atlas2020",2020-11-02 01:00:00,11.6,22.5,-11.3367244455306,200,997.7,-11.9,8,0,-906.244823364417,1000,"day","outgoing",200
0,2090,"atlas2020",2020-11-02 17:00:00,6.3,67.5,-5.95496551901045,-310,1003.3,3,1,0,53.7551766355832,1000,"night","incoming",310
0,2090,"atlas2020",2020-11-04 00:00:00,6.7,67.5,-6.34434009728004,90,1018.7,9.30000000000007,7,0.8,-962.452013524373,1000,"day","outgoing",90
0,2090,"atlas2020",2020-11-01 02:00:00,4.9,45,-4.89631707995362,250,1009.4,-8.20000000000005,8,0,-848.181606447697,1000,"day","outgoing",250
0,2090,"atlas2020",2020-11-01 22:00:00,8.9,22.5,-8.65681396878391,20,999.1,-8.69999999999993,8,0.2,351.818393552303,1000,"night","outgoing",20
0,2090,"atlas2020",2020-11-01 03:00:00,4.9,45,-4.89631707995362,310,1009.6,-8.10000000000002,8,0,-788.181606447697,1000,"day","outgoing",310
0,2090,"atlas2020",2020-11-01 09:00:00,7.2,360,-6.17716980161986,-50,1006.3,-10.3000000000001,7,0,-428.181606447697,1000,"day","incoming",50
0,2090,"atlas2020",2020-11-03 20:00:00,8.5,67.5,-8.10585648164692,-150,1016.2,9.80000000000007,7,1.8,235.665330648422,1000,"night","incoming",150
0,2090,"atlas2020",2020-11-04 04:00:00,6.7,90,-5.43268782195995,330,1022.2,9.70000000000005,7,0,-722.452013524373,1000,"day","outgoing",330
0,2090,"atlas2020",2020-11-01 23:00:00,9.4,22.5,-9.15214445823296,80,998.8,-9.5,8,0,411.818393552303,1000,"night","outgoing",80
0,2090,"atlas2020",2020-11-04 14:00:00,5.4,90,-4.2710527842852,180,1029.2,15.7,1,0,-122.452013524373,1000,"day","outgoing",180
0,2090,"atlas2020",2020-11-02 15:00:00,10.3,45,-10.2948570747241,310,1000,-0.700000000000045,8,0,-66.2448233644168,1000,"day","outgoing",310
0,2111,"atlas2020",2020-10-13 02:00:00,4.9,360,-4.57326835497288,-205,1011.2,-7.29999999999995,8,0,-888.984869921207,1000,"day","incoming",205
0,2111,"atlas2020",2020-10-10 20:00:00,2.2,112.5,-2.16891395460748,355,1015.4,3.19999999999993,3,1.6,184.057808872064,1000,"night","outgoing",355
0,2111,"atlas2020",2020-10-10 19:00:00,2.2,45,-2.05077398609378,295,1015.3,3.5,8,0,124.057808872064,1000,"night","outgoing",295
0,2111,"atlas2020",2020-10-12 22:00:00,3.1,360,-2.64461782371238,310,1013.2,-4.59999999999991,8,0,308.707283087571,1000,"night","outgoing",310
0,2111,"atlas2020",2020-10-12 04:00:00,5.4,157.5,-5.20400786368539,16,1018.1,3.5,8,0,-771.292716912429,1000,"day","outgoing",16
0,2111,"atlas2020",2020-10-12 19:00:00,2.7,45,-2.55656181621466,130,1014.4,-2.5,8,0,128.707283087571,1000,"night","outgoing",130
0,2111,"atlas2020",2020-10-09 22:00:00,6.3,90,-6.29989113217255,-209,1012.1,0.600000000000023,8,0,301.717357075214,1000,"night","incoming",209
0,2111,"atlas2020",2020-10-11 13:00:00,6.7,135,-6.61619904270287,-133,1015.7,0.700000000000045,5,0.6,-233.612021493912,1000,"day","incoming",133
0,2111,"atlas2020",2020-10-12 17:00:00,4.9,67.5,-4.86800422796458,10,1015,-1.20000000000005,8,0,8.70728308757146,1000,"night","outgoing",10
0,2111,"atlas2020",2020-10-10 15:00:00,5.4,90,-5.39988213887601,55,1014.5,1.5,8,0,-115.942191127936,1000,"day","outgoing",55
0,2111,"atlas2020",2020-10-10 01:00:00,6.7,67.5,-6.6728794131929,-29,1012.2,-1.59999999999991,4,0.2,-955.942191127936,1000,"day","incoming",29
0,2111,"atlas2020",2020-10-10 06:00:00,7.6,90,-7.59990226070486,271,1012.2,-2.39999999999998,7,0,-655.942191127936,1000,"day","outgoing",271
0,2111,"atlas2020",2020-10-09 18:00:00,6.7,67.5,-6.6728794131929,295,1011.9,7.10000000000002,8,0,61.7173570752144,1000,"night","outgoing",295
0,2111,"atlas2020",2020-10-12 01:00:00,5.8,157.5,-5.6131952124868,-164,1018.3,3.29999999999995,8,0,-951.292716912429,1000,"day","incoming",164
0,2111,"atlas2020",2020-10-12 16:00:00,3.6,67.5,-3.56375803152923,-50,1015.2,-0.599999999999909,8,0,-51.2927169124285,1000,"day","incoming",50
0,2141,"atlas2020",2020-11-03 04:00:00,10.7,67.5,-10.6826041375364,350,1012.5,15.5,6,0,-724.334669351578,1000,"day","outgoing",350
0,2141,"atlas2020",2020-11-03 19:00:00,10.7,67.5,-10.6826041375364,-210,1015.2,9.40000000000009,5,0.6,175.665330648422,1000,"night","incoming",210
0,2141,"atlas2020",2020-11-06 15:00:00,1.3,22.5,-0.973597606975947,170,1030.5,-4.40000000000009,8,0,-58.7727417310079,1000,"day","outgoing",170
0,2141,"atlas2020",2020-11-04 05:00:00,5.4,90,-5.39910252100543,390,1022.6,8.5,6,0,-662.452013524373,1000,"day","outgoing",390
0,2141,"atlas2020",2020-11-04 17:00:00,4.5,90,-4.49903948106623,360,1030.6,18.1999999999999,0,0,57.5479864756266,1000,"night","outgoing",360
0,2141,"atlas2020",2020-11-04 13:00:00,4.9,90,-4.89906779726086,120,1028.3,13.4,1,0,-182.452013524373,1000,"day","outgoing",120
0,2141,"atlas2020",2020-11-03 07:00:00,8,67.5,-7.97917016340228,-180,1015.1,18.2,1,0,-544.334669351578,1000,"day","incoming",180
0,2141,"atlas2020",2020-11-03 10:00:00,5.8,45,-5.68806524245126,0,1016.8,19,8,0,-364.334669351578,1000,"day","incoming",0
0,2141,"atlas2020",2020-11-06 03:00:00,1.3,67.5,-1.27137400118723,190,1033.6,-1.30000000000018,8,0,-778.772741731008,1000,"day","outgoing",190
0,2141,"atlas2020",2020-11-05 04:00:00,2.7,90,-2.6989288064367,290,1034.8,12.5999999999999,8,0,-720.597738794486,1000,"day","outgoing",290
0,2141,"atlas2020",2020-11-03 11:00:00,4.9,22.5,-4.63342727640633,60,1016.6,18.4,8,0,-304.334669351578,1000,"day","outgoing",60
0,2141,"atlas2020",2020-11-05 22:00:00,2.2,67.5,-2.16921254990134,-110,1034.6,0.799999999999955,3,0,359.402261205514,1000,"night","incoming",110
0,2141,"atlas2020",2020-11-03 06:00:00,9.4,67.5,-9.38108934844307,-240,1014.6,17.7,5,0,-604.334669351578,1000,"day","incoming",240
0,2141,"atlas2020",2020-11-02 23:00:00,12.1,67.5,-12.084000292794,50,1008.5,9.70000000000005,2,0,413.755176635583,1000,"night","outgoing",50
0,2141,"atlas2020",2020-11-04 22:00:00,3.1,112.5,-3.04371392986812,-70,1033.8,16.3,6,0,357.547986475627,1000,"night","incoming",70
0,2144,"atlas2020",2020-10-24 13:00:00,6.7,360,-6.67182369119893,-109,1005.7,-1.29999999999995,7,0,-204.534826584657,1000,"day","incoming",109
0,2144,"atlas2020",2020-10-25 02:00:00,9.4,360,-9.38025617444939,-130,996.5,-9.70000000000005,8,0,-862.41462624073,1000,"day","incoming",130
0,2144,"atlas2020",2020-10-22 00:00:00,8.5,67.5,-8.4898120393029,-35,1000.2,-2.79999999999995,8,0,-988.832792957624,1000,"day","incoming",35
0,2144,"atlas2020",2020-10-24 01:00:00,5.4,45,-5.37159504379054,-70,1006.1,-2.19999999999993,8,0.2,-924.534826584657,1000,"day","incoming",70
0,2144,"atlas2020",2020-10-23 11:00:00,4.5,360,-4.45691121049806,-175,1007.7,2.10000000000002,8,0,-326.674459366004,1000,"day","incoming",175
0,2144,"atlas2020",2020-10-24 22:00:00,8.9,337.5,-8.88673328831359,-370,999.8,-5.30000000000007,8,0,335.465173415343,1000,"night","incoming",370
0,2144,"atlas2020",2020-10-22 14:00:00,6.7,45,-6.67663169225705,46,1005.6,10.5,7,0,-148.832792957624,1000,"day","outgoing",46
0,2144,"atlas2020",2020-10-23 01:00:00,4.9,67.5,-4.88364720111898,-20,1008.3,6.79999999999995,0,0,-926.674459366004,1000,"day","incoming",20
0,2144,"atlas2020",2020-10-22 08:00:00,6.3,22.5,-6.26814731418722,-314,1003.7,3.5,7,0,-508.832792957624,1000,"day","incoming",314
0,2144,"atlas2020",2020-10-23 10:00:00,2.7,360,-2.62489818683095,-235,1007.7,2.5,9,0,-386.674459366004,1000,"day","incoming",235
0,2144,"atlas2020",2020-10-22 21:00:00,6.3,45,-6.27528135039377,-260,1006.9,12,5,0.2,271.167207042376,1000,"night","incoming",260
0,2144,"atlas2020",2020-10-25 01:00:00,9.4,360,-9.38025617444939,-190,997.8,-8.30000000000007,8,0,-922.41462624073,1000,"day","incoming",190
0,2144,"atlas2020",2020-10-23 14:00:00,4.5,360,-4.45691121049806,5,1006.1,0.5,1,0,-146.674459366004,1000,"day","outgoing",5
0,2144,"atlas2020",2020-10-24 15:00:00,6.7,22.5,-6.67001340534423,11,1004.7,-0.899999999999977,8,0,-84.534826584657,1000,"day","outgoing",11
0,2144,"atlas2020",2020-10-25 09:00:00,7.2,360,-7.17388590181917,350,996.6,-9.79999999999995,8,0,-442.41462624073,1000,"day","outgoing",350
0,2174,"atlas2020",2020-10-16 00:00:00,1.8,225,1.64328169553846,230,1022.6,3,7,0,-1002.13615137339,1000,"day","outgoing",230
0,2174,"atlas2020",2020-10-14 08:00:00,0.9,225,0.82753511544028,80,1018.4,8.79999999999995,8,0,-526.689083031813,1000,"day","outgoing",80
0,2174,"atlas2020",2020-10-16 05:00:00,0,NA,0,-210,1022.1,3,8,0,-702.136151373386,1000,"day","incoming",210
0,2174,"atlas2020",2020-10-13 13:00:00,5.4,315,0.84921288487859,-315,1011.1,-6,8,0,-228.984869921207,1000,"day","incoming",315
0,2174,"atlas2020",2020-10-13 06:00:00,5.4,337.5,-1.23843773809117,35,1009.4,-8.60000000000002,8,0.2,-648.984869921207,1000,"day","outgoing",35
0,2174,"atlas2020",2020-10-13 16:00:00,4.5,292.5,2.62992696118686,-135,1012,-3.20000000000005,8,0,-48.9848699212074,1000,"day","incoming",135
0,2174,"atlas2020",2020-10-15 22:00:00,1.8,247.5,1.79998430418408,110,1022.2,2.60000000000002,8,0,315.594030960401,1000,"night","outgoing",110
0,2174,"atlas2020",2020-10-15 17:00:00,3.1,247.5,3.09996937695117,-190,1021,2.39999999999998,8,0,15.5940309604009,1000,"night","incoming",190
0,2174,"atlas2020",2020-10-16 02:00:00,0.9,270,0.824681636383358,350,1022.5,3.10000000000002,8,0,-882.136151373386,1000,"day","outgoing",350
0,2174,"atlas2020",2020-10-14 10:00:00,1.8,225,1.64328169553846,200,1018.9,8.69999999999993,8,0,-406.689083031813,1000,"day","outgoing",200
0,2174,"atlas2020",2020-10-12 19:00:00,2.7,45,-2.53705749510272,130,1014.4,-2.5,8,0,128.707283087571,1000,"night","outgoing",130
0,2174,"atlas2020",2020-10-15 00:00:00,4.9,225,4.32913566859028,280,1019.6,3.30000000000007,8,0,-1004.4059690396,1000,"day","outgoing",280
0,2174,"atlas2020",2020-10-14 20:00:00,5.8,225,5.0594871758922,40,1019.4,5.19999999999993,8,0,193.310916968187,1000,"night","outgoing",40
0,2174,"atlas2020",2020-10-15 13:00:00,1.8,270,1.63713485331715,325,1021.4,2.10000000000002,8,0,-224.405969039599,1000,"day","outgoing",325
0,2174,"atlas2020",2020-10-14 19:00:00,6.3,225,5.45241569484114,-20,1019.2,5.90000000000009,8,0,133.310916968187,1000,"night","incoming",20
0,2187,"atlas2020",2020-11-04 13:00:00,4.9,90,-4.89999960679097,120,1028.3,13.4,1,0,-182.452013524373,1000,"day","outgoing",120
0,2187,"atlas2020",2020-11-06 20:00:00,2.7,315,-2.69939980565063,-260,1027.4,-7.09999999999991,7,0,241.227258268992,1000,"night","incoming",260
0,2187,"atlas2020",2020-11-04 20:00:00,2.7,112.5,-2.69985192877839,-190,1033,16.8,7,0.2,237.547986475627,1000,"night","incoming",190
0,2187,"atlas2020",2020-11-04 02:00:00,8.5,67.5,-8.49993797350616,210,1020.5,9.39999999999998,7,0,-842.452013524373,1000,"day","outgoing",210
0,2187,"atlas2020",2020-11-06 02:00:00,1.3,67.5,-1.29963069279616,130,1033.8,-1.10000000000014,8,0,-838.772741731008,1000,"day","outgoing",130
0,2187,"atlas2020",2020-11-06 07:00:00,1.3,67.5,-1.29963069279616,-310,1033.1,-1.80000000000018,8,0,-538.772741731008,1000,"day","incoming",310
0,2187,"atlas2020",2020-11-05 00:00:00,3.6,90,-3.59999947101277,50,1034.6,15.8999999999999,6,0,-960.597738794486,1000,"day","outgoing",50
0,2187,"atlas2020",2020-11-06 11:00:00,1.8,22.5,-1.79847294501466,-70,1033,-2.79999999999995,8,0,-298.772741731008,1000,"day","incoming",70
0,2187,"atlas2020",2020-11-04 04:00:00,6.7,90,-6.6999997099069,330,1022.2,9.70000000000005,7,0,-722.452013524373,1000,"day","outgoing",330
0,2187,"atlas2020",2020-11-06 06:00:00,2.2,67.5,-2.19977178574147,370,1033.1,-1.70000000000005,8,0,-598.772741731008,1000,"day","outgoing",370
0,2187,"atlas2020",2020-11-04 18:00:00,3.6,90,-3.59999947101277,-310,1031.4,17.1000000000001,7,0,117.547986475627,1000,"night","incoming",310
0,2187,"atlas2020",2020-11-06 04:00:00,1.3,67.5,-1.29963069279616,250,1033.4,-1.39999999999986,8,0,-718.772741731008,1000,"day","outgoing",250
0,2187,"atlas2020",2020-11-05 05:00:00,2.2,90,-2.19999915806435,350,1034.8,12.1999999999999,8,0,-660.597738794486,1000,"day","outgoing",350
0,2187,"atlas2020",2020-11-07 09:00:00,1.3,337.5,-1.29779739928731,-240,1022.3,-11,0,0,-416.977932345867,1000,"day","incoming",240
0,2187,"atlas2020",2020-11-07 11:00:00,2.2,337.5,-2.19872342288291,-120,1022.7,-10.3,1,0,-296.977932345867,1000,"day","incoming",120
0,2233,"atlas2020",2020-11-03 15:00:00,9.8,360,-9.66836410494883,300,1013,13,8,0,-64.3346693515778,1000,"day","outgoing",300
0,2233,"atlas2020",2020-11-05 23:00:00,1.3,67.5,-1.24643153350644,-50,1034.6,0.299999999999955,4,0,419.402261205514,1000,"night","incoming",50
0,2233,"atlas2020",2020-11-03 01:00:00,11.6,67.5,-11.5782285924969,170,1010.2,12.5,8,0,-904.334669351578,1000,"day","outgoing",170
0,2233,"atlas2020",2020-11-04 11:00:00,4.9,90,-4.89756771853722,0,1027.6,10.9999999999999,3,0,-302.452013524373,1000,"day","incoming",0
0,2233,"atlas2020",2020-11-03 22:00:00,7.2,67.5,-7.16920795933495,-30,1017.5,9.5,7,0.8,355.665330648422,1000,"night","incoming",30
0,2233,"atlas2020",2020-11-05 01:00:00,3.6,90,-3.5972065983091,110,1034.8,15.1999999999999,5,0,-900.597738794486,1000,"day","outgoing",110
0,2233,"atlas2020",2020-11-03 12:00:00,5.8,337.5,-5.5884487159724,120,1015.8,16.9,8,0,-244.334669351578,1000,"day","outgoing",120
0,2233,"atlas2020",2020-11-03 00:00:00,11.6,67.5,-11.5782285924969,110,1009.4,10.9,5,0,-964.334669351578,1000,"day","outgoing",110
0,2233,"atlas2020",2020-11-05 02:00:00,3.1,90,-3.0970549696235,170,1034.9,14.4000000000001,7,0,-840.597738794486,1000,"day","outgoing",170
0,2233,"atlas2020",2020-11-02 22:00:00,9.8,45,-9.73287941718558,-10,1008,8.89999999999998,1,0,353.755176635583,1000,"night","incoming",10
0,2233,"atlas2020",2020-11-04 23:00:00,3.1,90,-3.0970549696235,-10,1034.3,16.0999999999999,8,0,417.547986475627,1000,"night","incoming",10
0,2233,"atlas2020",2020-11-05 06:00:00,1.8,90,-1.79673060137463,-330,1034.8,11.4,8,0,-600.597738794486,1000,"day","incoming",330
0,2233,"atlas2020",2020-11-04 14:00:00,5.4,90,-5.39768910861131,180,1029.2,15.7,1,0,-122.452013524373,1000,"day","outgoing",180
0,2233,"atlas2020",2020-11-03 13:00:00,7.2,337.5,-7.0362139897227,180,1014.9,16.3,8,0,-184.334669351578,1000,"day","outgoing",180
0,2233,"atlas2020",2020-11-04 03:00:00,7.6,90,-7.5981180673276,270,1021.2,9.40000000000009,1,0,-782.452013524373,1000,"day","outgoing",270
0,2247,"atlas2020",2020-11-28 14:00:00,3.6,270,-3.59827172664604,380,1020.4,2.29999999999995,8,0,-87.9838806152344,1000,"day","outgoing",380
0,2247,"atlas2020",2020-11-25 17:00:00,3.6,360,-3.43376038567097,-50,1012.7,-3.5,8,0,89.0625832239787,1000,"night","incoming",50
0,2247,"atlas2020",2020-11-26 08:00:00,3.1,112.5,-3.0888563554882,100,1017.5,5.89999999999998,1,0,-449.902506506443,1000,"day","outgoing",100
0,2247,"atlas2020",2020-11-27 12:00:00,0.4,112.5,-0.388702461677272,290,1018.8,-0.100000000000023,1,0,-208.917671875159,1000,"day","outgoing",290
0,2247,"atlas2020",2020-11-27 21:00:00,3.1,270,-3.09767119724998,90,1018.2,-0.699999999999932,8,0,331.082328124841,1000,"night","outgoing",90
0,2247,"atlas2020",2020-11-26 19:00:00,0,NA,0,10,1018.8,5.69999999999993,7,0,210.097493493557,1000,"night","outgoing",10
0,2247,"atlas2020",2020-11-28 20:00:00,4,270,-3.99857411786802,-10,1022.5,4.70000000000005,9,0,272.016119384766,1000,"night","incoming",10
0,2247,"atlas2020",2020-11-26 17:00:00,0,NA,0,-110,1018.6,5.89999999999998,8,0,90.097493493557,1000,"night","incoming",110
0,2247,"atlas2020",2020-11-26 23:00:00,0,NA,0,250,1019,5,7,0,450.097493493557,1000,"night","outgoing",250
0,2247,"atlas2020",2020-11-27 09:00:00,0,NA,0,110,1018.9,0.799999999999955,1,0,-388.917671875159,1000,"day","outgoing",110
0,2247,"atlas2020",2020-11-27 17:00:00,1.3,157.5,-1.13702698816359,-150,1017.5,-1.10000000000002,8,0,91.0823281248411,1000,"night","incoming",150
0,2247,"atlas2020",2020-11-27 06:00:00,0,NA,0,-70,1018.4,1.60000000000002,0,0,-568.917671875159,1000,"day","incoming",70
0,2247,"atlas2020",2020-11-29 07:00:00,2.7,270,-2.69682531050517,-80,1024.5,5.60000000000002,8,0,-507.102081076304,1000,"day","incoming",80
0,2247,"atlas2020",2020-11-27 14:00:00,1.3,157.5,-1.13702698816359,-330,1018.1,-0.299999999999955,8,0,-88.9176718751589,1000,"day","incoming",330
0,2247,"atlas2020",2020-11-29 12:00:00,2.7,292.5,-2.63986893828452,220,1026,5.79999999999995,8,0,-207.102081076304,1000,"day","outgoing",220
0,2255,"atlas2020",2020-11-03 11:00:00,4.9,22.5,-3.93801217082639,60,1016.6,18.4,8,0,-304.334669351578,1000,"day","outgoing",60
0,2255,"atlas2020",2020-11-02 17:00:00,6.3,67.5,-6.29857936552481,-310,1003.3,3,1,0,53.7551766355832,1000,"night","incoming",310
0,2255,"atlas2020",2020-11-02 12:00:00,10.7,22.5,-9.39308799985814,130,998.9,-4.80000000000007,7,0,-246.244823364417,1000,"day","outgoing",130
0,2255,"atlas2020",2020-11-04 11:00:00,4.9,90,-4.70777155562539,0,1027.6,10.9999999999999,3,0,-302.452013524373,1000,"day","incoming",0
0,2255,"atlas2020",2020-11-01 10:00:00,8,360,-5.34577828494193,10,1005.6,-10.5,8,0,-368.181606447697,1000,"day","outgoing",10
0,2255,"atlas2020",2020-11-03 08:00:00,7.2,67.5,-7.19849726086688,-120,1015.9,18.6,1,0,-484.334669351578,1000,"day","incoming",120
0,2255,"atlas2020",2020-11-01 03:00:00,4.9,45,-4.64078907977604,310,1009.6,-8.10000000000002,8,0,-788.181606447697,1000,"day","outgoing",310
0,2255,"atlas2020",2020-11-03 01:00:00,11.6,67.5,-11.5982772074965,170,1010.2,12.5,8,0,-904.334669351578,1000,"day","outgoing",170
0,2255,"atlas2020",2020-11-03 20:00:00,8.5,67.5,-8.49840546567445,-150,1016.2,9.80000000000007,7,1.8,235.665330648422,1000,"night","incoming",150
0,2255,"atlas2020",2020-11-01 02:00:00,4.9,45,-4.64078907977604,250,1009.4,-8.20000000000005,8,0,-848.181606447697,1000,"day","outgoing",250
0,2255,"atlas2020",2020-11-02 03:00:00,12.1,22.5,-10.7661554512032,320,997.1,-12.5,8,0.4,-786.244823364417,1000,"day","outgoing",320
0,2255,"atlas2020",2020-11-04 08:00:00,5.8,90,-5.59032314188593,-180,1025,9.10000000000002,2,0,-482.452013524373,1000,"day","incoming",180
0,2255,"atlas2020",2020-11-01 13:00:00,8,360,-5.34577828494193,190,1002.3,-10.7,8,0,-188.181606447697,1000,"day","outgoing",190
0,2255,"atlas2020",2020-11-04 00:00:00,6.7,67.5,-6.69854075955168,90,1018.7,9.30000000000007,7,0.8,-962.452013524373,1000,"day","outgoing",90
0,2255,"atlas2020",2020-11-02 09:00:00,11.6,22.5,-10.2742159281457,-50,997.6,-8.69999999999993,8,0,-426.244823364417,1000,"day","incoming",50
0,2282,"atlas2020",2020-11-05 05:00:00,2.2,90,-2.14600676425553,350,1034.8,12.1999999999999,8,0,-660.597738794486,1000,"day","outgoing",350
0,2282,"atlas2020",2020-11-05 11:00:00,4.9,67.5,-4.89836789323925,-30,1035.8,8.20000000000005,8,0,-300.597738794486,1000,"day","incoming",30
0,2282,"atlas2020",2020-11-07 14:00:00,1.3,337.5,-0.81226414512448,60,1021.3,-9.90000000000009,3,0,-116.977932345867,1000,"day","outgoing",60
0,2282,"atlas2020",2020-11-06 04:00:00,1.3,67.5,-1.29800985805961,250,1033.4,-1.39999999999986,8,0,-718.772741731008,1000,"day","outgoing",250
0,2282,"atlas2020",2020-11-07 15:00:00,1.8,337.5,-1.31605909741647,120,1021.3,-9.20000000000005,0,0,-56.9779323458672,1000,"day","outgoing",120
0,2282,"atlas2020",2020-11-07 19:00:00,1.3,337.5,-0.81226414512448,-360,1021.4,-6.69999999999993,0,0,183.022067654133,1000,"night","incoming",360
0,2282,"atlas2020",2020-11-04 01:00:00,8,67.5,-7.99874925938334,150,1019.6,9.39999999999998,1,0,-902.452013524373,1000,"day","outgoing",150
0,2282,"atlas2020",2020-11-06 15:00:00,1.3,22.5,-1.19308964837563,170,1030.5,-4.40000000000009,8,0,-58.7727417310079,1000,"day","outgoing",170
0,2282,"atlas2020",2020-11-06 00:00:00,1.3,67.5,-1.29800985805961,10,1034.3,-0.299999999999955,1,0,-958.772741731008,1000,"day","outgoing",10
0,2282,"atlas2020",2020-11-04 18:00:00,3.6,90,-3.55176640852262,-310,1031.4,17.1000000000001,7,0,117.547986475627,1000,"night","incoming",310
0,2282,"atlas2020",2020-11-06 08:00:00,0.4,67.5,-0.398799988494061,-250,1033.3,-2.20000000000005,8,0,-478.772741731008,1000,"day","incoming",250
0,2282,"atlas2020",2020-11-06 12:00:00,2.2,22.5,-2.09208956133233,-10,1032.1,-3.70000000000005,8,0,-238.772741731008,1000,"day","incoming",10
0,2282,"atlas2020",2020-11-07 10:00:00,2.2,337.5,-1.73817595448875,-180,1022.4,-10.9,0,0,-356.977932345867,1000,"day","incoming",180
0,2282,"atlas2020",2020-11-06 10:00:00,1.8,67.5,-1.79794789494096,-130,1033.3,-2.5,8,0,-358.772741731008,1000,"day","incoming",130
0,2282,"atlas2020",2020-11-04 14:00:00,5.4,90,-5.35957488057464,180,1029.2,15.7,1,0,-122.452013524373,1000,"day","outgoing",180
